"id"	"name"	"level"	"grade"	"mates"	"shield"	"slow"	"stun"	"mshield"	"docking"	"regen"	"damageb"	"speedb"	"sky"	"blink"	"boss"	"ignore"	"single"	"last"	"life"	"rangenlpd"	"rangetlpd"	"sstun"	"rangellpd"	"armorbreak"	"udelete"	"berserk"	"splash"	"bombup"	"재료"	"최하위합"	"깊이"
"1"	"루피"	"1"	"흔함"	""	"False"	"False"	"False"	"False"	"False"	"False"	"False"	"False"	"False"	"False"	"False"	"False"	"False"	"False"	"False"	"False"	"False"	"False"	"False"	"False"	"False"	"False"	"False"	"False"	""	"0"	"0"
"2"	"조로"	"1"	"흔함"	""	"False"	"False"	"False"	"False"	"False"	"False"	"False"	"False"	"False"	"False"	"False"	"False"	"False"	"False"	"False"	"False"	"False"	"False"	"False"	"False"	"False"	"False"	"False"	"False"	""	"0"	"0"
"3"	"나미"	"1"	"흔함"	""	"False"	"False"	"False"	"False"	"False"	"False"	"False"	"False"	"False"	"False"	"False"	"False"	"False"	"False"	"False"	"False"	"False"	"False"	"False"	"False"	"False"	"False"	"False"	"False"	""	"0"	"0"
"4"	"우솝"	"1"	"흔함"	""	"False"	"False"	"False"	"False"	"False"	"False"	"False"	"False"	"False"	"False"	"False"	"False"	"False"	"False"	"False"	"False"	"False"	"False"	"False"	"False"	"False"	"False"	"False"	"False"	""	"0"	"0"
"5"	"상디"	"1"	"흔함"	""	"False"	"False"	"False"	"False"	"False"	"False"	"False"	"False"	"False"	"False"	"False"	"False"	"False"	"False"	"False"	"False"	"False"	"False"	"False"	"False"	"False"	"False"	"False"	"False"	""	"0"	"0"
"6"	"쵸파"	"1"	"흔함"	""	"False"	"False"	"False"	"False"	"False"	"False"	"False"	"False"	"False"	"False"	"False"	"False"	"False"	"False"	"False"	"False"	"False"	"False"	"False"	"False"	"False"	"False"	"False"	"False"	""	"0"	"0"
"7"	"칼병"	"1"	"흔함"	""	"False"	"False"	"False"	"False"	"False"	"False"	"False"	"False"	"False"	"False"	"False"	"False"	"False"	"False"	"False"	"False"	"False"	"False"	"False"	"False"	"False"	"False"	"False"	"False"	""	"0"	"0"
"8"	"총병"	"1"	"흔함"	""	"False"	"False"	"False"	"False"	"False"	"False"	"False"	"False"	"False"	"False"	"False"	"False"	"False"	"False"	"False"	"False"	"False"	"False"	"False"	"False"	"False"	"False"	"False"	"False"	""	"0"	"0"
"9"	"버기"	"1"	"흔함"	""	"False"	"False"	"False"	"False"	"False"	"False"	"False"	"False"	"False"	"False"	"False"	"False"	"False"	"False"	"False"	"False"	"False"	"False"	"False"	"False"	"False"	"False"	"False"	"False"	""	"0"	"0"
"12"	"블루노"	"2"	"안흔함"	"8"	"False"	"False"	"False"	"False"	"False"	"False"	"False"	"False"	"False"	"False"	"False"	"False"	"False"	"False"	"False"	"False"	"False"	"False"	"False"	"False"	"False"	"False"	"False"	"False"	"총병x2"	"2"	"1"
"13"	"브룩"	"2"	"안흔함"	"2,6"	"False"	"False"	"False"	"False"	"False"	"False"	"False"	"False"	"False"	"False"	"False"	"False"	"False"	"False"	"False"	"False"	"False"	"True"	"False"	"False"	"False"	"False"	"False"	"False"	"조로x1 + 쵸파x1"	"2"	"1"
"14"	"이나즈마"	"2"	"안흔함"	"5,2"	"False"	"False"	"False"	"False"	"False"	"False"	"False"	"False"	"False"	"False"	"False"	"False"	"False"	"False"	"False"	"False"	"False"	"False"	"False"	"False"	"False"	"False"	"False"	"False"	"상디x1 + 조로x1"	"2"	"1"
"20"	"하찌"	"2"	"안흔함"	"8,3"	"False"	"False"	"False"	"False"	"False"	"False"	"False"	"False"	"False"	"False"	"False"	"False"	"False"	"False"	"False"	"False"	"False"	"True"	"False"	"False"	"False"	"False"	"False"	"False"	"총병x1 + 나미x1"	"2"	"1"
"22"	"프랑키"	"2"	"안흔함"	"4,1"	"False"	"False"	"False"	"False"	"False"	"False"	"False"	"False"	"False"	"False"	"False"	"False"	"False"	"False"	"False"	"False"	"False"	"False"	"False"	"False"	"False"	"False"	"False"	"False"	"우솝x1 + 루피x1"	"2"	"1"
"23"	"로빈"	"2"	"안흔함"	"3,5"	"False"	"False"	"False"	"False"	"False"	"False"	"False"	"False"	"False"	"False"	"False"	"False"	"False"	"False"	"False"	"False"	"False"	"False"	"False"	"False"	"False"	"False"	"False"	"False"	"상디x1 + 나미x1"	"2"	"1"
"24"	"저격왕"	"2"	"안흔함"	"4"	"False"	"False"	"False"	"False"	"False"	"False"	"False"	"False"	"False"	"False"	"False"	"False"	"False"	"False"	"False"	"False"	"False"	"False"	"False"	"False"	"False"	"False"	"False"	"False"	"우솝x2"	"2"	"1"
"25"	"에이스"	"2"	"안흔함"	"1,8"	"False"	"False"	"False"	"False"	"False"	"False"	"False"	"False"	"False"	"False"	"False"	"False"	"False"	"False"	"False"	"False"	"False"	"False"	"False"	"False"	"False"	"False"	"False"	"False"	"총병x1 + 루피x1"	"2"	"1"
"26"	"후쿠로"	"2"	"안흔함"	"7"	"False"	"False"	"False"	"False"	"False"	"False"	"False"	"False"	"False"	"False"	"False"	"False"	"False"	"False"	"False"	"False"	"False"	"False"	"False"	"False"	"False"	"False"	"False"	"False"	"칼병x2"	"2"	"1"
"27"	"타시기"	"2"	"안흔함"	"7,8"	"False"	"False"	"False"	"False"	"False"	"False"	"False"	"False"	"False"	"False"	"False"	"False"	"False"	"False"	"False"	"False"	"False"	"True"	"False"	"False"	"False"	"False"	"False"	"False"	"총병x1 + 칼병x1"	"2"	"1"
"28"	"페로나"	"2"	"안흔함"	"9,3"	"False"	"False"	"False"	"False"	"False"	"False"	"False"	"False"	"False"	"False"	"False"	"False"	"False"	"False"	"False"	"False"	"False"	"False"	"False"	"False"	"False"	"False"	"False"	"False"	"나미x1 + 버기x1"	"2"	"1"
"29"	"베포"	"2"	"안흔함"	"6,1"	"False"	"False"	"False"	"False"	"False"	"False"	"False"	"False"	"False"	"False"	"False"	"False"	"False"	"False"	"False"	"False"	"False"	"False"	"False"	"False"	"False"	"False"	"False"	"False"	"루피x1 + 쵸파x1"	"2"	"1"
"30"	"쵸파 럼블볼강화"	"2"	"안흔함"	"6"	"False"	"False"	"False"	"False"	"False"	"False"	"False"	"False"	"False"	"False"	"False"	"False"	"False"	"False"	"False"	"False"	"False"	"False"	"False"	"False"	"False"	"False"	"False"	"False"	"쵸파x2"	"2"	"1"
"31"	"좀비"	"2"	"안흔함"	""	"False"	"False"	"False"	"False"	"False"	"False"	"False"	"False"	"False"	"False"	"False"	"False"	"False"	"False"	"False"	"False"	"False"	"False"	"False"	"False"	"False"	"False"	"False"	"False"	""	"0"	"0"
"15"	"압살롬"	"3"	"특별함"	"31,3"	"False"	"False"	"False"	"False"	"False"	"False"	"False"	"False"	"False"	"False"	"False"	"False"	"False"	"False"	"False"	"False"	"False"	"False"	"False"	"False"	"False"	"False"	"False"	"False"	"좀비x3 + 나미x1"	"4"	"1"
"21"	"캡틴크로"	"3"	"특별함"	"20,7,2"	"False"	"False"	"False"	"False"	"False"	"False"	"False"	"False"	"False"	"False"	"False"	"False"	"False"	"False"	"False"	"False"	"False"	"False"	"False"	"False"	"False"	"False"	"False"	"False"	"하찌x1 + 조로x1 + 칼병x1"	"4"	"2"
"32"	"파이러츠도킹5"	"3"	"특별함"	"22,2"	"False"	"False"	"False"	"True"	"False"	"False"	"False"	"False"	"False"	"False"	"False"	"False"	"False"	"True"	"False"	"False"	"False"	"True"	"False"	"False"	"False"	"False"	"False"	"False"	"조로x1 + 프랑키x2"	"5"	"2"
"33"	"에넬"	"3"	"특별함"	"24,29,5"	"False"	"False"	"False"	"False"	"False"	"False"	"False"	"False"	"False"	"False"	"False"	"False"	"False"	"False"	"False"	"False"	"False"	"False"	"False"	"False"	"False"	"False"	"False"	"False"	"상디x1 + 저격왕x1 + 베포x1"	"5"	"2"
"34"	"쵸파 가드포인트"	"3"	"특별함"	"30,14,7"	"False"	"False"	"False"	"False"	"False"	"False"	"True"	"False"	"False"	"False"	"False"	"False"	"False"	"False"	"False"	"False"	"False"	"False"	"False"	"False"	"False"	"False"	"False"	"False"	"칼병x1 + 쵸파 럼블볼강화x1 + 이나즈마x1"	"5"	"2"
"35"	"쵸파 두뇌강화"	"3"	"특별함"	"30,23,9"	"True"	"False"	"False"	"False"	"False"	"False"	"False"	"False"	"False"	"False"	"False"	"False"	"False"	"False"	"False"	"False"	"False"	"False"	"False"	"False"	"False"	"False"	"False"	"False"	"버기x1 + 로빈x1 + 쵸파 럼블볼강화x1"	"5"	"2"
"36"	"우솝 화염탄"	"3"	"특별함"	"24"	"False"	"False"	"False"	"False"	"False"	"False"	"False"	"False"	"False"	"False"	"False"	"False"	"False"	"False"	"False"	"False"	"False"	"False"	"False"	"False"	"False"	"False"	"False"	"False"	"저격왕x2"	"4"	"2"
"37"	"징베"	"3"	"특별함"	"25,26,9"	"False"	"False"	"False"	"False"	"False"	"False"	"False"	"False"	"False"	"False"	"False"	"False"	"False"	"False"	"False"	"False"	"False"	"True"	"False"	"False"	"False"	"False"	"False"	"False"	"후쿠로x1 + 에이스x1 + 버기x1"	"5"	"2"
"38"	"나미 크리마텍트"	"3"	"특별함"	"3"	"False"	"True"	"False"	"False"	"False"	"False"	"False"	"False"	"False"	"False"	"False"	"False"	"False"	"False"	"False"	"False"	"False"	"False"	"False"	"False"	"False"	"False"	"False"	"False"	"나미x3"	"3"	"1"
"39"	"헤르메포"	"3"	"특별함"	"13,2,5"	"False"	"False"	"False"	"False"	"False"	"False"	"False"	"False"	"False"	"False"	"False"	"False"	"False"	"False"	"False"	"False"	"False"	"False"	"False"	"False"	"False"	"False"	"False"	"False"	"브룩x1 + 상디x1 + 조로x1"	"4"	"2"
"40"	"루치"	"3"	"특별함"	"26,23,1"	"False"	"False"	"False"	"False"	"False"	"False"	"False"	"False"	"False"	"False"	"False"	"False"	"False"	"False"	"False"	"False"	"False"	"False"	"False"	"False"	"False"	"False"	"False"	"False"	"후쿠로x1 + 로빈x1 + 루피x1"	"5"	"2"
"41"	"버기 마기탄"	"3"	"특별함"	"9"	"False"	"False"	"False"	"False"	"False"	"False"	"False"	"False"	"False"	"False"	"False"	"False"	"False"	"False"	"False"	"False"	"False"	"True"	"False"	"False"	"False"	"False"	"False"	"False"	"버기x3"	"3"	"1"
"42"	"키드"	"3"	"특별함"	"28,29,9"	"False"	"True"	"False"	"False"	"False"	"False"	"False"	"False"	"False"	"False"	"False"	"False"	"False"	"False"	"False"	"False"	"False"	"False"	"False"	"False"	"False"	"False"	"False"	"False"	"버기x1 + 베포x1 + 페로나x1"	"5"	"2"
"43"	"로빈 오하라"	"3"	"특별함"	"23,6"	"False"	"False"	"False"	"False"	"False"	"False"	"False"	"False"	"False"	"False"	"False"	"False"	"False"	"False"	"False"	"False"	"False"	"False"	"False"	"False"	"False"	"False"	"False"	"False"	"로빈x2 + 쵸파x1"	"5"	"2"
"44"	"조로 귀기"	"3"	"특별함"	"2"	"False"	"False"	"False"	"False"	"False"	"False"	"False"	"False"	"False"	"False"	"False"	"False"	"False"	"False"	"False"	"False"	"False"	"False"	"False"	"False"	"False"	"False"	"False"	"False"	"조로x3"	"3"	"1"
"45"	"바질 호킨스"	"3"	"특별함"	"28,12,4"	"True"	"False"	"False"	"False"	"False"	"False"	"False"	"False"	"False"	"False"	"False"	"False"	"False"	"False"	"False"	"False"	"False"	"False"	"False"	"False"	"False"	"False"	"False"	"False"	"블루노x1 + 우솝x1 + 페로나x1"	"5"	"2"
"46"	"킬러"	"3"	"특별함"	"27,13,9"	"False"	"False"	"False"	"False"	"False"	"False"	"False"	"False"	"False"	"False"	"False"	"False"	"False"	"False"	"False"	"False"	"False"	"True"	"False"	"False"	"False"	"False"	"False"	"False"	"타시기x1 + 브룩x1 + 버기x1"	"5"	"2"
"47"	"갱 벳지"	"3"	"특별함"	"26,8,9"	"False"	"False"	"False"	"False"	"False"	"False"	"False"	"False"	"False"	"False"	"False"	"False"	"False"	"False"	"False"	"False"	"False"	"False"	"False"	"False"	"False"	"False"	"False"	"False"	"후쿠로x1 + 버기x1 + 총병x1"	"4"	"2"
"48"	"로우"	"3"	"특별함"	"29,27,9"	"False"	"False"	"False"	"False"	"False"	"False"	"False"	"True"	"False"	"False"	"False"	"False"	"False"	"False"	"False"	"False"	"False"	"False"	"False"	"False"	"False"	"False"	"False"	"False"	"타시기x1 + 버기x1 + 베포x1"	"5"	"2"
"49"	"모리아"	"3"	"특별함"	"13,5"	"False"	"False"	"False"	"False"	"False"	"False"	"False"	"False"	"False"	"False"	"False"	"False"	"False"	"False"	"False"	"False"	"False"	"False"	"False"	"False"	"False"	"False"	"False"	"False"	"상디x1 + 브룩x2"	"5"	"2"
"50"	"크로커다일"	"3"	"특별함"	"22,24,9"	"False"	"True"	"False"	"False"	"False"	"False"	"False"	"False"	"False"	"False"	"False"	"False"	"False"	"False"	"False"	"False"	"False"	"False"	"False"	"False"	"False"	"False"	"False"	"False"	"저격왕x1 + 버기x1 + 프랑키x1"	"5"	"2"
"51"	"루피 기어세컨드"	"3"	"특별함"	"1"	"False"	"False"	"False"	"False"	"False"	"False"	"False"	"False"	"False"	"False"	"False"	"False"	"False"	"False"	"False"	"False"	"False"	"True"	"False"	"False"	"False"	"False"	"False"	"False"	"루피x3"	"3"	"1"
"52"	"상디 검은다리"	"3"	"특별함"	"5"	"False"	"False"	"False"	"False"	"False"	"False"	"False"	"False"	"False"	"False"	"False"	"False"	"False"	"False"	"False"	"False"	"False"	"False"	"False"	"False"	"False"	"False"	"False"	"False"	"상디x3"	"3"	"1"
"53"	"X-드레이크"	"3"	"특별함"	"27,26,6"	"False"	"False"	"False"	"False"	"False"	"False"	"False"	"False"	"False"	"False"	"False"	"False"	"False"	"False"	"False"	"False"	"False"	"False"	"False"	"False"	"False"	"False"	"False"	"False"	"타시기x1 + 후쿠로x1 + 쵸파x1"	"5"	"2"
"54"	"아론"	"3"	"특별함"	"20,1"	"False"	"False"	"False"	"False"	"False"	"False"	"False"	"False"	"False"	"False"	"False"	"False"	"False"	"False"	"False"	"False"	"False"	"True"	"False"	"False"	"False"	"False"	"False"	"False"	"하찌x2 + 루피x1"	"5"	"2"
"55"	"이나즈마 혁명군"	"3"	"특별함"	"14"	"False"	"False"	"False"	"False"	"False"	"False"	"False"	"False"	"False"	"False"	"False"	"False"	"False"	"False"	"False"	"False"	"False"	"False"	"False"	"False"	"False"	"False"	"False"	"False"	"이나즈마x2"	"4"	"2"
"56"	"쿠마"	"3"	"특별함"	"22,29,2"	"False"	"False"	"False"	"False"	"False"	"False"	"False"	"False"	"False"	"False"	"False"	"False"	"False"	"False"	"False"	"False"	"False"	"False"	"False"	"False"	"False"	"False"	"False"	"False"	"베포x1 + 조로x1 + 프랑키x1"	"5"	"2"
"57"	"스쿼드"	"3"	"특별함"	"30,22,3"	"False"	"False"	"False"	"False"	"False"	"False"	"False"	"False"	"False"	"False"	"False"	"False"	"False"	"False"	"False"	"False"	"False"	"False"	"False"	"False"	"False"	"False"	"False"	"False"	"나미x1 + 쵸파 럼블볼강화x1 + 프랑키x1"	"5"	"2"
"58"	"봉쿠레"	"3"	"특별함"	"14,23,3"	"False"	"False"	"False"	"False"	"False"	"False"	"False"	"False"	"False"	"False"	"False"	"False"	"False"	"False"	"False"	"False"	"False"	"False"	"False"	"False"	"False"	"False"	"False"	"False"	"나미x1 + 로빈x1 + 이나즈마x1"	"5"	"2"
"59"	"에이스 2번대대장"	"3"	"특별함"	"25,4"	"False"	"False"	"False"	"False"	"False"	"False"	"False"	"False"	"False"	"False"	"False"	"False"	"False"	"False"	"False"	"False"	"False"	"False"	"False"	"False"	"False"	"False"	"False"	"False"	"우솝x1 + 에이스x2"	"5"	"2"
"60"	"마르코"	"3"	"특별함"	"12,25,5"	"False"	"False"	"False"	"False"	"False"	"False"	"False"	"False"	"False"	"False"	"False"	"False"	"False"	"False"	"False"	"False"	"False"	"False"	"False"	"False"	"False"	"False"	"False"	"False"	"블루노x1 + 에이스x1 + 상디x1"	"5"	"2"
"61"	"챠카"	"3"	"특별함"	"12,26,6"	"False"	"False"	"False"	"False"	"False"	"False"	"False"	"False"	"False"	"False"	"False"	"False"	"False"	"False"	"False"	"False"	"False"	"False"	"False"	"False"	"False"	"False"	"False"	"False"	"쵸파x1 + 블루노x1 + 후쿠로x1"	"5"	"2"
"62"	"스모커"	"3"	"특별함"	"8,27,7"	"False"	"True"	"False"	"False"	"False"	"False"	"False"	"False"	"False"	"False"	"False"	"False"	"False"	"False"	"False"	"False"	"False"	"False"	"False"	"False"	"False"	"False"	"False"	"False"	"타시기x1 + 총병x1 + 칼병x1"	"4"	"2"
"63"	"루피 기어써드"	"4"	"희귀함"	"51,58,33"	"False"	"False"	"False"	"False"	"False"	"False"	"False"	"False"	"False"	"False"	"False"	"False"	"False"	"False"	"False"	"False"	"False"	"True"	"False"	"False"	"False"	"False"	"True"	"False"	"에넬x1 + 봉쿠레x1 + 루피 기어세컨드x1"	"13"	"3"
"64"	"상디 디아블잠브"	"4"	"희귀함"	"52,34,42"	"False"	"False"	"False"	"False"	"False"	"False"	"False"	"False"	"False"	"False"	"False"	"False"	"False"	"False"	"False"	"False"	"False"	"False"	"False"	"False"	"False"	"False"	"False"	"False"	"쵸파 가드포인트x1 + 상디 검은다리x1 + 키드x1"	"13"	"3"
"65"	"조로 현상금 사냥꾼"	"4"	"희귀함"	"44,49,62"	"False"	"False"	"False"	"False"	"False"	"False"	"False"	"False"	"False"	"False"	"False"	"False"	"False"	"False"	"False"	"False"	"False"	"True"	"False"	"False"	"False"	"False"	"False"	"False"	"스모커x1 + 조로 귀기x1 + 모리아x1"	"12"	"3"
"66"	"미호크"	"4"	"희귀함"	"44,21,53"	"False"	"False"	"False"	"False"	"False"	"False"	"False"	"False"	"False"	"False"	"False"	"False"	"False"	"False"	"False"	"False"	"False"	"False"	"False"	"False"	"False"	"False"	"True"	"False"	"X-드레이크x1 + 조로 귀기x1 + 캡틴크로x1"	"12"	"3"
"67"	"핸콕"	"4"	"희귀함"	"38,54,51"	"False"	"False"	"False"	"False"	"False"	"False"	"False"	"False"	"False"	"False"	"False"	"False"	"True"	"False"	"False"	"False"	"False"	"True"	"False"	"False"	"False"	"False"	"False"	"False"	"아론x1 + 나미 크리마텍트x1 + 루피 기어세컨드x1"	"11"	"3"
"68"	"크로커다일 MR.0"	"4"	"희귀함"	"50,37,58"	"False"	"True"	"False"	"False"	"False"	"False"	"True"	"False"	"False"	"False"	"False"	"False"	"False"	"False"	"False"	"False"	"False"	"False"	"False"	"False"	"False"	"False"	"False"	"False"	"봉쿠레x1 + 징베x1 + 크로커다일x1"	"15"	"3"
"69"	"비비"	"4"	"희귀함"	"61,50,38"	"False"	"False"	"False"	"False"	"False"	"False"	"False"	"False"	"False"	"False"	"False"	"False"	"False"	"False"	"False"	"False"	"False"	"True"	"False"	"False"	"False"	"False"	"False"	"False"	"챠카x1 + 나미 크리마텍트x1 + 크로커다일x1"	"13"	"3"
"70"	"베이비5"	"4"	"희귀함"	"32,56,40"	"False"	"False"	"False"	"False"	"False"	"False"	"False"	"False"	"False"	"False"	"False"	"False"	"False"	"False"	"False"	"False"	"False"	"False"	"False"	"False"	"False"	"False"	"False"	"False"	"루치x1 + 파이러츠도킹5x1 + 쿠마x1"	"15"	"3"
"71"	"센토마루"	"4"	"희귀함"	"56,35,47"	"False"	"False"	"False"	"False"	"False"	"False"	"False"	"False"	"False"	"False"	"False"	"False"	"False"	"False"	"False"	"False"	"False"	"False"	"False"	"False"	"False"	"False"	"True"	"False"	"쿠마x1 + 갱 벳지x1 + 쵸파 두뇌강화x1"	"14"	"3"
"72"	"거프"	"4"	"희귀함"	"62,51,53"	"False"	"False"	"False"	"False"	"False"	"False"	"False"	"False"	"False"	"False"	"False"	"False"	"False"	"False"	"False"	"False"	"False"	"True"	"False"	"True"	"False"	"False"	"True"	"False"	"스모커x1 + X-드레이크x1 + 루피 기어세컨드x1"	"12"	"3"
"73"	"마젤란"	"4"	"희귀함"	"37,41,59"	"False"	"False"	"False"	"False"	"False"	"False"	"False"	"False"	"False"	"False"	"False"	"False"	"False"	"False"	"False"	"False"	"False"	"False"	"False"	"False"	"False"	"False"	"False"	"False"	"버기 마기탄x1 + 에이스 2번대대장x1 + 징베x1"	"13"	"3"
"74"	"모몬가"	"4"	"희귀함"	"37,39,62"	"False"	"False"	"False"	"False"	"False"	"False"	"False"	"False"	"False"	"False"	"False"	"False"	"False"	"False"	"False"	"False"	"False"	"True"	"False"	"False"	"False"	"False"	"False"	"False"	"스모커x1 + 헤르메포x1 + 징베x1"	"13"	"3"
"75"	"시류"	"4"	"희귀함"	"47,53,52"	"False"	"False"	"False"	"False"	"False"	"False"	"False"	"False"	"False"	"False"	"False"	"False"	"True"	"False"	"False"	"False"	"False"	"True"	"False"	"False"	"False"	"False"	"False"	"False"	"갱 벳지x1 + X-드레이크x1 + 상디 검은다리x1"	"12"	"3"
"77"	"아오키지"	"4"	"희귀함"	"43,57,33"	"False"	"True"	"True"	"False"	"False"	"False"	"False"	"False"	"False"	"False"	"False"	"False"	"False"	"False"	"False"	"False"	"False"	"False"	"False"	"False"	"False"	"False"	"False"	"False"	"에넬x1 + 스쿼드x1 + 로빈 오하라x1"	"15"	"3"
"78"	"키자루"	"4"	"희귀함"	"39,48,42"	"False"	"False"	"False"	"False"	"False"	"False"	"False"	"False"	"False"	"True"	"False"	"False"	"False"	"False"	"False"	"False"	"False"	"False"	"False"	"False"	"False"	"False"	"False"	"False"	"로우x1 + 헤르메포x1 + 키드x1"	"14"	"3"
"79"	"아카이누"	"4"	"희귀함"	"59,50,55"	"False"	"False"	"False"	"False"	"False"	"False"	"False"	"False"	"False"	"False"	"False"	"False"	"False"	"False"	"False"	"False"	"False"	"False"	"False"	"False"	"False"	"False"	"False"	"False"	"이나즈마 혁명군x1 + 에이스 2번대대장x1 + 크로커다일x1"	"14"	"3"
"80"	"검은수염"	"4"	"희귀함"	"59,57,53"	"False"	"False"	"False"	"False"	"True"	"False"	"False"	"False"	"False"	"False"	"False"	"False"	"False"	"False"	"False"	"False"	"False"	"False"	"False"	"False"	"False"	"False"	"False"	"False"	"X-드레이크x1 + 에이스 2번대대장x1 + 스쿼드x1"	"15"	"3"
"81"	"로우"	"4"	"희귀함"	"48,32,35"	"False"	"False"	"False"	"False"	"False"	"False"	"False"	"True"	"False"	"True"	"False"	"False"	"False"	"False"	"False"	"False"	"False"	"False"	"False"	"False"	"False"	"False"	"False"	"False"	"로우x1 + 파이러츠도킹5x1 + 쵸파 두뇌강화x1"	"15"	"3"
"82"	"바질 호킨스"	"4"	"희귀함"	"45,46,48"	"True"	"False"	"False"	"False"	"False"	"False"	"False"	"False"	"False"	"False"	"False"	"False"	"False"	"False"	"False"	"False"	"False"	"False"	"False"	"False"	"False"	"False"	"False"	"False"	"로우x1 + 킬러x1 + 바질 호킨스x1"	"15"	"3"
"83"	"바제스"	"4"	"희귀함"	"45,60,41"	"False"	"False"	"True"	"False"	"False"	"False"	"False"	"False"	"False"	"False"	"False"	"False"	"False"	"False"	"False"	"False"	"False"	"False"	"False"	"False"	"False"	"False"	"True"	"False"	"버기 마기탄x1 + 마르코x1 + 바질 호킨스x1"	"13"	"3"
"84"	"오즈"	"4"	"희귀함"	"49,51"	"False"	"False"	"False"	"False"	"False"	"False"	"False"	"False"	"False"	"False"	"False"	"False"	"False"	"False"	"False"	"False"	"False"	"True"	"False"	"False"	"False"	"False"	"True"	"False"	"모리아x2 + 루피 기어세컨드x1"	"13"	"3"
"85"	"류마"	"4"	"희귀함"	"49,44,28,24,7"	"False"	"False"	"False"	"False"	"False"	"False"	"False"	"False"	"False"	"False"	"False"	"True"	"True"	"False"	"False"	"False"	"False"	"False"	"False"	"False"	"False"	"False"	"False"	"False"	"칼병x1 + 저격왕x1 + 페로나x1 + 조로 귀기x1 + 모리아x1"	"13"	"3"
"86"	"페로나"	"4"	"희귀함"	"15,28,52,35"	"False"	"True"	"False"	"False"	"False"	"False"	"False"	"False"	"False"	"False"	"False"	"False"	"False"	"False"	"False"	"False"	"False"	"False"	"False"	"False"	"False"	"False"	"False"	"False"	"상디 검은다리x1 + 쵸파 두뇌강화x1 + 압살롬x1 + 페로나x1"	"14"	"3"
"87"	"슈가"	"4"	"희귀함"	"35,44,28,4"	"False"	"False"	"False"	"False"	"False"	"True"	"False"	"False"	"False"	"False"	"False"	"False"	"False"	"False"	"False"	"False"	"False"	"False"	"False"	"False"	"False"	"False"	"False"	"False"	"우솝x1 + 페로나x1 + 조로 귀기x1 + 쵸파 두뇌강화x1"	"11"	"3"
"88"	"브룩 음악가"	"4"	"희귀함"	"13,49,40"	"False"	"False"	"False"	"False"	"False"	"False"	"False"	"True"	"False"	"False"	"False"	"False"	"False"	"False"	"False"	"False"	"False"	"True"	"False"	"False"	"False"	"False"	"False"	"False"	"브룩x1 + 루치x1 + 모리아x1"	"12"	"3"
"89"	"도플라밍고"	"4"	"희귀함"	"34,41,40"	"False"	"False"	"False"	"False"	"False"	"False"	"False"	"False"	"True"	"False"	"False"	"False"	"False"	"False"	"False"	"False"	"False"	"False"	"False"	"False"	"False"	"False"	"False"	"False"	"쵸파 가드포인트x1 + 루치x1 + 버기 마기탄x1"	"13"	"3"
"90"	"쵸파 혼포인트"	"4"	"희귀함"	"34,39,48"	"False"	"False"	"False"	"False"	"False"	"False"	"True"	"False"	"False"	"False"	"False"	"False"	"False"	"False"	"False"	"False"	"False"	"False"	"False"	"False"	"False"	"False"	"False"	"False"	"쵸파 가드포인트x1 + 헤르메포x1 + 로우x1"	"14"	"3"
"91"	"샹크스"	"4"	"희귀함"	"41,51,36"	"False"	"False"	"False"	"False"	"False"	"False"	"False"	"False"	"False"	"False"	"False"	"False"	"False"	"False"	"False"	"False"	"False"	"True"	"False"	"False"	"False"	"False"	"False"	"False"	"버기 마기탄x1 + 루피 기어세컨드x1 + 우솝 화염탄x1"	"10"	"3"
"92"	"벤 베크만"	"4"	"희귀함"	"36,62,33"	"False"	"False"	"False"	"False"	"False"	"False"	"False"	"False"	"False"	"True"	"True"	"False"	"False"	"False"	"False"	"False"	"False"	"False"	"False"	"False"	"False"	"False"	"False"	"False"	"스모커x1 + 에넬x1 + 우솝 화염탄x1"	"13"	"3"
"93"	"이완코브"	"4"	"희귀함"	"55,43,50"	"False"	"False"	"True"	"False"	"False"	"False"	"True"	"False"	"False"	"False"	"False"	"False"	"False"	"False"	"False"	"False"	"False"	"False"	"False"	"False"	"False"	"False"	"False"	"False"	"이나즈마 혁명군x1 + 크로커다일x1 + 로빈 오하라x1"	"14"	"3"
"94"	"사보"	"4"	"희귀함"	"55,56,60"	"True"	"False"	"False"	"False"	"False"	"False"	"False"	"False"	"False"	"False"	"False"	"False"	"False"	"False"	"False"	"False"	"False"	"False"	"False"	"False"	"False"	"False"	"False"	"False"	"이나즈마 혁명군x1 + 마르코x1 + 쿠마x1"	"14"	"3"
"95"	"마르코 불사조"	"4"	"희귀함"	"60,61,34"	"False"	"False"	"False"	"False"	"False"	"False"	"False"	"False"	"False"	"False"	"False"	"False"	"False"	"False"	"False"	"False"	"False"	"False"	"False"	"False"	"False"	"False"	"False"	"False"	"쵸파 가드포인트x1 + 챠카x1 + 마르코x1"	"15"	"3"
"96"	"죠즈"	"4"	"희귀함"	"57,21,47"	"False"	"False"	"True"	"False"	"False"	"False"	"False"	"False"	"False"	"False"	"False"	"False"	"False"	"False"	"False"	"False"	"False"	"False"	"False"	"False"	"False"	"False"	"False"	"False"	"갱 벳지x1 + 스쿼드x1 + 캡틴크로x1"	"13"	"3"
"97"	"바르토로메오"	"4"	"희귀함"	"21,54,32"	"False"	"False"	"False"	"False"	"False"	"False"	"False"	"False"	"False"	"False"	"False"	"False"	"False"	"False"	"False"	"False"	"False"	"True"	"False"	"False"	"False"	"False"	"False"	"False"	"아론x1 + 파이러츠도킹5x1 + 캡틴크로x1"	"14"	"3"
"98"	"반더데켄"	"4"	"희귀함"	"54,37,39"	"False"	"False"	"False"	"False"	"False"	"False"	"False"	"False"	"True"	"False"	"False"	"False"	"False"	"False"	"False"	"False"	"False"	"True"	"False"	"False"	"False"	"False"	"False"	"False"	"아론x1 + 헤르메포x1 + 징베x1"	"14"	"3"
"99"	"와이퍼"	"4"	"희귀함"	"33,52,36"	"False"	"False"	"False"	"False"	"False"	"False"	"False"	"False"	"False"	"False"	"False"	"False"	"False"	"False"	"False"	"False"	"False"	"False"	"False"	"False"	"False"	"False"	"False"	"False"	"에넬x1 + 상디 검은다리x1 + 우솝 화염탄x1"	"12"	"3"
"100"	"제프"	"4"	"희귀함"	"58,45,55"	"False"	"False"	"False"	"False"	"False"	"False"	"False"	"False"	"False"	"False"	"False"	"False"	"False"	"False"	"False"	"False"	"False"	"False"	"False"	"False"	"False"	"False"	"False"	"False"	"이나즈마 혁명군x1 + 바질 호킨스x1 + 봉쿠레x1"	"14"	"3"
"101"	"킨에몬"	"4"	"희귀함"	"46,59,21"	"False"	"False"	"False"	"False"	"False"	"False"	"False"	"False"	"False"	"False"	"False"	"False"	"False"	"False"	"False"	"False"	"False"	"False"	"False"	"False"	"False"	"False"	"False"	"False"	"킬러x1 + 에이스 2번대대장x1 + 캡틴크로x1"	"14"	"3"
"102"	"캡틴 키드"	"4"	"희귀함"	"42,38,46"	"False"	"True"	"False"	"False"	"False"	"False"	"False"	"False"	"False"	"False"	"False"	"False"	"False"	"False"	"False"	"False"	"False"	"True"	"False"	"False"	"False"	"False"	"False"	"False"	"킬러x1 + 나미 크리마텍트x1 + 키드x1"	"13"	"3"
"114"	"우솝 보잉열도"	"4"	"희귀함"	"36,47,38"	"False"	"False"	"True"	"False"	"False"	"False"	"False"	"False"	"False"	"True"	"False"	"False"	"False"	"False"	"False"	"False"	"False"	"False"	"False"	"False"	"False"	"False"	"False"	"False"	"갱 벳지x1 + 나미 크리마텍트x1 + 우솝 화염탄x1"	"11"	"3"
"124"	"레일리"	"4"	"희귀함"	""	"False"	"False"	"False"	"False"	"False"	"False"	"False"	"False"	"False"	"False"	"False"	"False"	"False"	"False"	"False"	"False"	"False"	"True"	"False"	"False"	"False"	"False"	"False"	"False"	""	"0"	"0"
"144"	"고대의 배"	"4"	"희귀함"	""	"False"	"False"	"False"	"False"	"False"	"False"	"False"	"False"	"False"	"False"	"False"	"False"	"False"	"False"	"False"	"False"	"False"	"False"	"False"	"False"	"False"	"False"	"False"	"False"	""	"0"	"0"
"249"	"카쿠"	"4"	"희귀함"	"40,61,43"	"False"	"False"	"False"	"False"	"False"	"False"	"False"	"False"	"False"	"False"	"False"	"False"	"False"	"False"	"False"	"False"	"False"	"False"	"False"	"False"	"False"	"False"	"False"	"False"	"챠카x1 + 루치x1 + 로빈 오하라x1"	"15"	"3"
"274"	"X-드레이크"	"4"	"희귀함"	"53,45,54"	"True"	"True"	"False"	"False"	"False"	"False"	"False"	"False"	"False"	"False"	"False"	"True"	"False"	"False"	"False"	"False"	"False"	"False"	"False"	"False"	"False"	"False"	"False"	"False"	"아론x1 + X-드레이크x1 + 바질 호킨스x1"	"15"	"3"
"103"	"모리아"	"5"	"전설적인"	"84,85,86,16"	"False"	"True"	"False"	"False"	"False"	"False"	"False"	"False"	"False"	"False"	"False"	"True"	"False"	"False"	"False"	"False"	"False"	"False"	"False"	"False"	"True"	"False"	"False"	"False"	"목재x3 + 페로나x1 + 류마x1 + 오즈x1"	"43"	"4"
"104"	"루피 나이트메어"	"5"	"전설적인"	"84,85,15,63,16"	"False"	"False"	"False"	"False"	"False"	"False"	"False"	"False"	"True"	"False"	"True"	"False"	"False"	"False"	"False"	"False"	"False"	"True"	"False"	"False"	"False"	"True"	"False"	"False"	"압살롬x1 + 루피 기어써드x1 + 목재x3 + 류마x1 + 오즈x1"	"46"	"4"
"105"	"징베"	"5"	"전설적인"	"98,81,79,16"	"False"	"False"	"False"	"False"	"False"	"True"	"False"	"False"	"False"	"False"	"False"	"False"	"False"	"False"	"False"	"False"	"False"	"True"	"False"	"False"	"False"	"False"	"False"	"False"	"목재x3 + 로우x1 + 아카이누x1 + 반더데켄x1"	"46"	"4"
"106"	"스모커"	"5"	"전설적인"	"72,73,74,16"	"True"	"True"	"False"	"False"	"False"	"False"	"False"	"False"	"False"	"False"	"False"	"False"	"False"	"False"	"False"	"False"	"False"	"True"	"False"	"True"	"False"	"False"	"False"	"False"	"목재x3 + 모몬가x1 + 마젤란x1 + 거프x1"	"41"	"4"
"107"	"드래곤"	"5"	"전설적인"	"93,94,69,16"	"True"	"True"	"True"	"False"	"False"	"False"	"True"	"True"	"False"	"False"	"False"	"False"	"False"	"False"	"False"	"False"	"False"	"False"	"False"	"False"	"False"	"False"	"False"	"False"	"비비x1 + 목재x3 + 사보x1 + 이완코브x1"	"44"	"4"
"108"	"핸콕"	"5"	"전설적인"	"67,64,66,16"	"False"	"False"	"False"	"False"	"False"	"False"	"False"	"False"	"False"	"False"	"False"	"False"	"False"	"True"	"False"	"False"	"False"	"True"	"False"	"False"	"False"	"False"	"False"	"False"	"핸콕x1 + 미호크x1 + 목재x3 + 상디 디아블잠브x1"	"39"	"4"
"109"	"시키"	"5"	"전설적인"	"99,249,73,16"	"True"	"False"	"True"	"False"	"False"	"False"	"False"	"False"	"True"	"False"	"False"	"False"	"False"	"False"	"False"	"False"	"False"	"False"	"False"	"True"	"False"	"False"	"False"	"False"	"카쿠x1 + 마젤란x1 + 목재x3 + 와이퍼x1"	"43"	"4"
"110"	"센고쿠"	"5"	"전설적인"	"79,77,78,16"	"True"	"True"	"False"	"False"	"False"	"False"	"True"	"False"	"False"	"False"	"False"	"False"	"False"	"False"	"False"	"False"	"False"	"False"	"False"	"False"	"False"	"False"	"True"	"False"	"목재x3 + 아카이누x1 + 키자루x1 + 아오키지x1"	"46"	"4"
"111"	"샹크스"	"5"	"전설적인"	"91,92,64,16"	"False"	"False"	"True"	"False"	"False"	"False"	"False"	"False"	"False"	"False"	"False"	"False"	"False"	"False"	"False"	"False"	"True"	"True"	"False"	"False"	"False"	"False"	"False"	"False"	"상디 디아블잠브x1 + 목재x3 + 벤 베크만x1 + 샹크스x1"	"39"	"4"
"112"	"흰수염"	"5"	"전설적인"	"96,95,101,16"	"True"	"True"	"True"	"False"	"False"	"False"	"False"	"False"	"False"	"False"	"True"	"False"	"False"	"False"	"False"	"False"	"True"	"True"	"False"	"False"	"False"	"False"	"True"	"False"	"죠즈x1 + 마르코 불사조x1 + 킨에몬x1 + 목재x3"	"45"	"4"
"113"	"레이쥬"	"5"	"전설적인"	"73,70,68,16"	"False"	"True"	"False"	"False"	"False"	"False"	"False"	"False"	"True"	"False"	"False"	"False"	"True"	"False"	"False"	"False"	"False"	"False"	"False"	"False"	"False"	"False"	"False"	"False"	"크로커다일 MR.0x1 + 마젤란x1 + 목재x3 + 베이비5x1"	"46"	"4"
"115"	"카르가라"	"5"	"전설적인"	"114,88,99,16"	"True"	"False"	"False"	"False"	"False"	"False"	"False"	"False"	"True"	"False"	"True"	"False"	"False"	"False"	"False"	"False"	"False"	"True"	"False"	"False"	"False"	"False"	"False"	"False"	"목재x3 + 브룩 음악가x1 + 우솝 보잉열도x1 + 와이퍼x1"	"38"	"4"
"116"	"라분"	"5"	"전설적인"	"88,97,75,16"	"False"	"False"	"True"	"False"	"False"	"False"	"False"	"True"	"False"	"False"	"False"	"False"	"False"	"False"	"False"	"False"	"False"	"False"	"False"	"False"	"False"	"False"	"True"	"False"	"바르토로메오x1 + 시류x1 + 브룩 음악가x1 + 목재x3"	"41"	"4"
"117"	"바르토로메오"	"5"	"전설적인"	"97,63,114,16"	"True"	"False"	"True"	"False"	"False"	"False"	"False"	"False"	"False"	"False"	"True"	"False"	"False"	"False"	"False"	"False"	"False"	"True"	"False"	"False"	"False"	"False"	"False"	"False"	"바르토로메오x1 + 목재x3 + 우솝 보잉열도x1 + 루피 기어써드x1"	"41"	"4"
"118"	"조로 사자의노래"	"5"	"전설적인"	"65,86,66,16"	"False"	"False"	"False"	"False"	"False"	"False"	"False"	"False"	"False"	"False"	"True"	"False"	"False"	"False"	"False"	"False"	"False"	"True"	"False"	"False"	"True"	"False"	"False"	"False"	"목재x3 + 조로 현상금 사냥꾼x1 + 미호크x1 + 페로나x1"	"41"	"4"
"119"	"루치"	"5"	"전설적인"	"249,72,81,16"	"False"	"False"	"False"	"False"	"False"	"False"	"False"	"False"	"False"	"False"	"False"	"False"	"True"	"False"	"False"	"False"	"False"	"True"	"False"	"False"	"False"	"False"	"False"	"False"	"목재x3 + 카쿠x1 + 거프x1 + 로우x1"	"45"	"4"
"120"	"상디"	"5"	"전설적인"	"64,93,82,16"	"False"	"False"	"False"	"False"	"False"	"False"	"False"	"False"	"False"	"False"	"False"	"False"	"True"	"False"	"False"	"False"	"False"	"False"	"False"	"False"	"False"	"False"	"False"	"False"	"바질 호킨스x1 + 목재x3 + 이완코브x1 + 상디 디아블잠브x1"	"45"	"4"
"121"	"코비"	"5"	"전설적인"	"75,91,100,16"	"False"	"False"	"False"	"False"	"False"	"True"	"True"	"False"	"False"	"False"	"False"	"False"	"True"	"False"	"True"	"False"	"False"	"True"	"False"	"False"	"False"	"False"	"False"	"False"	"시류x1 + 제프x1 + 목재x3 + 샹크스x1"	"39"	"4"
"122"	"후지토라"	"5"	"전설적인"	"101,89,68,16"	"False"	"True"	"True"	"True"	"False"	"False"	"False"	"False"	"False"	"False"	"False"	"False"	"False"	"False"	"False"	"False"	"False"	"False"	"False"	"False"	"False"	"False"	"False"	"False"	"도플라밍고x1 + 킨에몬x1 + 목재x3 + 크로커다일 MR.0x1"	"45"	"4"
"123"	"블랙마리아"	"5"	"전설적인"	"63,249,274,16"	"False"	"False"	"False"	"False"	"False"	"False"	"False"	"False"	"False"	"False"	"False"	"True"	"False"	"False"	"False"	"False"	"True"	"True"	"False"	"False"	"False"	"False"	"False"	"False"	"카쿠x1 + 목재x3 + X-드레이크x1 + 루피 기어써드x1"	"46"	"4"
"125"	"레일리"	"5"	"전설적인"	"124,71,37,16"	"True"	"False"	"True"	"False"	"False"	"False"	"True"	"False"	"False"	"False"	"False"	"False"	"False"	"False"	"False"	"False"	"False"	"True"	"False"	"True"	"False"	"False"	"True"	"False"	"레일리x1 + 목재x5 + 징베x1 + 센토마루x1"	"25"	"4"
"126"	"슈가"	"5"	"전설적인"	"87,114,82,16"	"False"	"False"	"False"	"False"	"False"	"True"	"False"	"False"	"False"	"False"	"False"	"False"	"False"	"False"	"False"	"False"	"False"	"False"	"False"	"False"	"True"	"False"	"False"	"False"	"바질 호킨스x1 + 슈가x1 + 우솝 보잉열도x1 + 목재x3"	"40"	"4"
"128"	"쿠마 폭군"	"5"	"전설적인"	"71,70,90,16"	"False"	"False"	"True"	"False"	"False"	"False"	"False"	"False"	"False"	"True"	"False"	"False"	"False"	"False"	"False"	"False"	"False"	"False"	"True"	"False"	"False"	"False"	"False"	"False"	"쵸파 혼포인트x1 + 목재x3 + 센토마루x1 + 베이비5x1"	"46"	"4"
"129"	"검은수염"	"5"	"전설적인"	"80,75,83,16"	"False"	"False"	"False"	"False"	"True"	"False"	"False"	"False"	"False"	"False"	"False"	"False"	"False"	"False"	"False"	"True"	"False"	"False"	"False"	"False"	"False"	"True"	"False"	"False"	"바제스x1 + 시류x1 + 검은수염x1 + 목재x3"	"43"	"4"
"130"	"나미"	"5"	"전설적인"	"69,88,86,16"	"False"	"True"	"False"	"False"	"True"	"False"	"False"	"False"	"False"	"False"	"False"	"False"	"False"	"False"	"False"	"False"	"False"	"False"	"False"	"False"	"False"	"False"	"False"	"False"	"비비x1 + 목재x3 + 브룩 음악가x1 + 페로나x1"	"42"	"4"
"131"	"시저"	"5"	"전설적인"	"89,78,72,16"	"True"	"False"	"False"	"False"	"False"	"False"	"False"	"False"	"True"	"False"	"False"	"False"	"False"	"False"	"False"	"False"	"False"	"False"	"False"	"False"	"False"	"False"	"False"	"False"	"도플라밍고x1 + 목재x3 + 거프x1 + 키자루x1"	"42"	"4"
"132"	"제파"	"5"	"전설적인"	"83,77,94,16"	"False"	"False"	"False"	"False"	"False"	"False"	"False"	"False"	"False"	"False"	"True"	"False"	"False"	"False"	"False"	"False"	"False"	"True"	"False"	"False"	"False"	"True"	"False"	"False"	"바제스x1 + 사보x1 + 목재x3 + 아오키지x1"	"45"	"4"
"133"	"에이스"	"5"	"전설적인"	"95,74,80,16"	"True"	"False"	"False"	"False"	"False"	"False"	"False"	"False"	"False"	"False"	"False"	"False"	"False"	"False"	"False"	"False"	"False"	"True"	"False"	"False"	"False"	"False"	"False"	"False"	"마르코 불사조x1 + 모몬가x1 + 검은수염x1 + 목재x3"	"46"	"4"
"134"	"로우"	"5"	"전설적인"	"81,102,71,16"	"False"	"True"	"False"	"False"	"False"	"False"	"False"	"True"	"False"	"True"	"False"	"False"	"False"	"False"	"False"	"True"	"False"	"False"	"False"	"False"	"False"	"True"	"False"	"False"	"캡틴 키드x1 + 로우x1 + 목재x3 + 센토마루x1"	"45"	"4"
"135"	"쵸파 유력강화"	"5"	"전설적인"	"90,98,83,16"	"True"	"False"	"False"	"False"	"False"	"False"	"False"	"True"	"False"	"True"	"False"	"False"	"False"	"False"	"False"	"False"	"False"	"False"	"False"	"False"	"False"	"False"	"True"	"False"	"쵸파 혼포인트x1 + 목재x3 + 바제스x1 + 반더데켄x1"	"44"	"4"
"136"	"울티"	"5"	"전설적인"	"90,92,71,16"	"True"	"False"	"False"	"False"	"False"	"False"	"False"	"False"	"False"	"False"	"True"	"False"	"False"	"False"	"False"	"False"	"False"	"False"	"False"	"True"	"False"	"False"	"True"	"False"	"쵸파 혼포인트x1 + 센토마루x1 + 목재x3 + 벤 베크만x1"	"44"	"4"
"137"	"마르코 환수종"	"5"	"전설적인"	"95,67,70,16"	"False"	"True"	"False"	"False"	"False"	"False"	"False"	"False"	"True"	"False"	"False"	"False"	"False"	"False"	"False"	"False"	"False"	"False"	"False"	"False"	"False"	"False"	"True"	"False"	"마르코 불사조x1 + 핸콕x1 + 목재x3 + 베이비5x1"	"44"	"4"
"213"	"히루루크 사망비석"	"5"	"전설적인"	"135"	"False"	"False"	"False"	"False"	"False"	"False"	"True"	"False"	"False"	"False"	"False"	"False"	"False"	"False"	"False"	"False"	"False"	"False"	"False"	"False"	"False"	"False"	"False"	"False"	"쵸파 유력강화x1"	"44"	"5"
"255"	"크래커"	"5"	"전설적인"	"100,101,87,16"	"True"	"False"	"False"	"False"	"False"	"False"	"True"	"True"	"False"	"False"	"False"	"False"	"False"	"False"	"False"	"False"	"False"	"False"	"False"	"False"	"False"	"False"	"False"	"False"	"목재x3 + 킨에몬x1 + 제프x1 + 슈가x1"	"42"	"4"
"267"	"토키"	"5"	"전설적인"	"78,65,144,16"	"False"	"True"	"False"	"False"	"False"	"False"	"False"	"True"	"False"	"False"	"False"	"False"	"False"	"False"	"False"	"False"	"False"	"False"	"False"	"False"	"False"	"False"	"False"	"False"	"목재x5 + 고대의 배x1 + 조로 현상금 사냥꾼x1 + 키자루x1"	"32"	"4"
"268"	"시노부"	"5"	"전설적인"	"85,80,101,16"	"False"	"False"	"False"	"False"	"False"	"False"	"False"	"False"	"False"	"False"	"True"	"False"	"False"	"True"	"False"	"False"	"False"	"True"	"False"	"False"	"False"	"False"	"False"	"False"	"킨에몬x1 + 검은수염x1 + 목재x3 + 류마x1"	"45"	"4"
"275"	"네코마무시"	"5"	"전설적인"	"102,99,274,16"	"False"	"True"	"False"	"False"	"False"	"False"	"True"	"False"	"False"	"False"	"True"	"False"	"False"	"False"	"False"	"False"	"True"	"False"	"False"	"False"	"False"	"True"	"False"	"False"	"캡틴 키드x1 + 목재x3 + 와이퍼x1 + X-드레이크x1"	"43"	"4"
"290"	"킹"	"5"	"전설적인"	"274,82,89,16"	"True"	"True"	"False"	"False"	"False"	"False"	"False"	"False"	"True"	"False"	"False"	"False"	"False"	"False"	"False"	"False"	"False"	"False"	"False"	"False"	"False"	"False"	"False"	"False"	"바질 호킨스x1 + 목재x3 + X-드레이크x1 + 도플라밍고x1"	"46"	"4"
"349"	"히바리"	"5"	"전설적인"	"70,79,88,16"	"True"	"False"	"False"	"False"	"False"	"False"	"False"	"False"	"False"	"False"	"True"	"False"	"False"	"True"	"False"	"False"	"False"	"True"	"False"	"False"	"False"	"True"	"False"	"False"	"목재x3 + 브룩 음악가x1 + 아카이누x1 + 베이비5x1"	"44"	"4"
"358"	"브륄레"	"5"	"전설적인"	"114,69,124,15,16"	"False"	"False"	"False"	"False"	"False"	"False"	"False"	"False"	"False"	"False"	"False"	"False"	"False"	"False"	"False"	"False"	"False"	"False"	"False"	"False"	"False"	"False"	"False"	"False"	"비비x1 + 레일리x1 + 목재x3 + 우솝 보잉열도x1 + 압살롬x1"	"32"	"4"
"139"	"레드포스호"	"6"	"히든조합"	"111,41,168"	"True"	"False"	"False"	"False"	"False"	"False"	"True"	"False"	"True"	"False"	"True"	"False"	"False"	"False"	"False"	"False"	"False"	"False"	"False"	"False"	"False"	"True"	"False"	"False"	"샹크스x1 + 버기 마기탄x1 + 해적선x1"	"43"	"5"
"145"	"써니호"	"6"	"히든조합"	"102,249,168"	"False"	"False"	"True"	"False"	"False"	"False"	"False"	"False"	"True"	"False"	"False"	"False"	"False"	"False"	"False"	"False"	"False"	"True"	"False"	"False"	"False"	"True"	"False"	"False"	"캡틴 키드x1 + 카쿠x1 + 해적선x1"	"29"	"4"
"146"	"방주맥심"	"6"	"히든조합"	"99,114,47,168"	"False"	"True"	"True"	"True"	"False"	"False"	"False"	"False"	"True"	"False"	"False"	"False"	"False"	"False"	"False"	"False"	"False"	"False"	"False"	"False"	"False"	"False"	"False"	"True"	"갱 벳지x1 + 우솝 보잉열도x1 + 와이퍼x1 + 해적선x1"	"28"	"4"
"147"	"모비딕호"	"6"	"히든조합"	"96,60,25,168"	"False"	"True"	"False"	"False"	"False"	"False"	"False"	"False"	"True"	"False"	"False"	"False"	"False"	"False"	"True"	"False"	"False"	"False"	"False"	"False"	"False"	"False"	"False"	"False"	"죠즈x1 + 마르코x1 + 에이스x1 + 해적선x1"	"21"	"4"
"148"	"베르고"	"6"	"히든조합"	"97,64,58,36"	"True"	"False"	"True"	"False"	"False"	"False"	"False"	"False"	"False"	"False"	"False"	"False"	"False"	"False"	"False"	"False"	"False"	"True"	"False"	"True"	"False"	"False"	"False"	"False"	"바르토로메오x1 + 우솝 화염탄x1 + 봉쿠레x1 + 상디 디아블잠브x1"	"36"	"4"
"149"	"이완코브"	"6"	"히든조합"	"93,68,41"	"True"	"False"	"True"	"False"	"False"	"False"	"True"	"False"	"False"	"False"	"False"	"False"	"False"	"False"	"True"	"False"	"False"	"False"	"False"	"False"	"False"	"False"	"False"	"False"	"버기 마기탄x1 + 크로커다일 MR.0x1 + 이완코브x1"	"32"	"4"
"150"	"키쿠노죠"	"6"	"히든조합"	"101,65,42"	"False"	"False"	"False"	"False"	"False"	"False"	"False"	"False"	"False"	"False"	"True"	"False"	"False"	"True"	"False"	"False"	"False"	"True"	"False"	"False"	"False"	"True"	"False"	"False"	"킨에몬x1 + 조로 현상금 사냥꾼x1 + 키드x1"	"31"	"4"
"151"	"피셔타이거"	"6"	"히든조합"	"98,67,32,124"	"False"	"False"	"True"	"False"	"False"	"False"	"True"	"False"	"True"	"False"	"True"	"False"	"False"	"False"	"False"	"False"	"False"	"True"	"False"	"False"	"False"	"True"	"False"	"False"	"레일리x1 + 핸콕x1 + 파이러츠도킹5x1 + 반더데켄x1"	"31"	"4"
"152"	"발라티에"	"6"	"히든조합"	"100,51,168"	"False"	"False"	"False"	"False"	"False"	"False"	"False"	"True"	"True"	"False"	"False"	"False"	"False"	"False"	"False"	"False"	"False"	"False"	"False"	"False"	"False"	"False"	"False"	"False"	"제프x1 + 루피 기어세컨드x1 + 해적선x1"	"18"	"4"
"154"	"시류"	"6"	"히든조합"	"75,92,73"	"False"	"False"	"False"	"False"	"False"	"False"	"False"	"False"	"False"	"False"	"False"	"False"	"False"	"True"	"False"	"False"	"True"	"True"	"False"	"False"	"False"	"False"	"False"	"False"	"시류x1 + 마젤란x1 + 벤 베크만x1"	"38"	"4"
"155"	"레베카"	"6"	"히든조합"	"83,87"	"True"	"False"	"False"	"False"	"False"	"False"	"False"	"False"	"False"	"False"	"False"	"False"	"False"	"False"	"False"	"False"	"False"	"True"	"False"	"False"	"False"	"False"	"True"	"False"	"바제스x1 + 슈가x1"	"24"	"4"
"156"	"검호 미호크"	"6"	"히든조합"	"66,91,96"	"True"	"False"	"False"	"False"	"False"	"False"	"False"	"False"	"False"	"False"	"False"	"False"	"False"	"False"	"False"	"False"	"False"	"False"	"False"	"False"	"False"	"False"	"True"	"False"	"죠즈x1 + 미호크x1 + 샹크스x1"	"35"	"4"
"158"	"반더데켄"	"6"	"히든조합"	"98,80,54,168"	"False"	"False"	"True"	"False"	"False"	"False"	"False"	"False"	"True"	"False"	"False"	"False"	"False"	"False"	"False"	"False"	"False"	"True"	"True"	"False"	"False"	"False"	"False"	"False"	"아론x1 + 검은수염x1 + 해적선x1 + 반더데켄x1"	"35"	"4"
"160"	"사보"	"6"	"히든조합"	"84,81,94"	"True"	"True"	"False"	"False"	"False"	"False"	"False"	"False"	"False"	"False"	"False"	"False"	"False"	"True"	"False"	"False"	"False"	"False"	"False"	"False"	"False"	"False"	"False"	"False"	"로우x1 + 사보x1 + 오즈x1"	"42"	"4"
"161"	"아카이누"	"6"	"히든조합"	"79,98,46,57"	"False"	"True"	"False"	"False"	"False"	"False"	"False"	"False"	"False"	"False"	"True"	"False"	"False"	"False"	"False"	"False"	"False"	"True"	"False"	"False"	"False"	"True"	"False"	"False"	"킬러x1 + 아카이누x1 + 스쿼드x1 + 반더데켄x1"	"38"	"4"
"163"	"봉쿠레"	"6"	"히든조합"	"67,58,41,55"	"True"	"False"	"True"	"False"	"False"	"False"	"False"	"False"	"False"	"False"	"False"	"False"	"False"	"False"	"False"	"False"	"False"	"False"	"False"	"False"	"False"	"False"	"False"	"False"	"버기 마기탄x1 + 이나즈마 혁명군x1 + 핸콕x1 + 봉쿠레x1"	"23"	"4"
"164"	"류마"	"6"	"히든조합"	"65,85,13"	"False"	"False"	"False"	"False"	"False"	"False"	"False"	"False"	"False"	"False"	"False"	"True"	"True"	"False"	"False"	"False"	"False"	"True"	"False"	"False"	"False"	"False"	"False"	"False"	"브룩x1 + 조로 현상금 사냥꾼x1 + 류마x1"	"27"	"4"
"165"	"아오키지"	"6"	"히든조합"	"77,96,74"	"False"	"True"	"True"	"False"	"False"	"False"	"False"	"False"	"False"	"False"	"False"	"False"	"False"	"False"	"False"	"False"	"False"	"False"	"False"	"False"	"False"	"False"	"False"	"True"	"죠즈x1 + 모몬가x1 + 아오키지x1"	"41"	"4"
"166"	"킬러"	"6"	"히든조합"	"102,39,46,45"	"True"	"False"	"False"	"False"	"False"	"False"	"False"	"False"	"False"	"False"	"True"	"False"	"False"	"False"	"False"	"False"	"False"	"True"	"False"	"False"	"False"	"True"	"False"	"False"	"캡틴 키드x1 + 바질 호킨스x1 + 헤르메포x1 + 킬러x1"	"27"	"4"
"168"	"해적선"	"6"	"히든조합"	""	"False"	"False"	"False"	"False"	"False"	"False"	"False"	"False"	"False"	"False"	"False"	"False"	"False"	"False"	"False"	"False"	"False"	"False"	"False"	"False"	"False"	"False"	"False"	"False"	""	"0"	"0"
"253"	"캐럿"	"6"	"히든조합"	"90,33,15,124"	"False"	"False"	"False"	"False"	"True"	"False"	"False"	"False"	"False"	"False"	"False"	"False"	"True"	"False"	"False"	"False"	"False"	"True"	"False"	"False"	"False"	"False"	"False"	"False"	"쵸파 혼포인트x1 + 에넬x1 + 레일리x1 + 압살롬x2"	"28"	"4"
"302"	"료쿠규"	"6"	"히든조합"	"85,93,97,56"	"True"	"True"	"False"	"False"	"False"	"False"	"False"	"False"	"False"	"False"	"False"	"False"	"False"	"False"	"False"	"False"	"False"	"False"	"False"	"False"	"False"	"False"	"False"	"False"	"바르토로메오x1 + 이완코브x1 + 류마x1 + 쿠마x1"	"46"	"4"
"329"	"스튜시"	"6"	"히든조합"	"249,71,87"	"False"	"False"	"False"	"False"	"False"	"False"	"False"	"False"	"False"	"True"	"False"	"False"	"True"	"False"	"False"	"False"	"False"	"False"	"False"	"False"	"False"	"False"	"False"	"False"	"카쿠x1 + 슈가x1 + 센토마루x1"	"40"	"4"
"141"	"페로나"	"7"	"왜곡됨"	"103,66,15,24,28,16"	"False"	"True"	"True"	"True"	"False"	"False"	"False"	"False"	"True"	"False"	"True"	"False"	"False"	"False"	"False"	"False"	"False"	"False"	"False"	"False"	"True"	"False"	"False"	"True"	"목재x3 + 압살롬x1 + 페로나x1 + 미호크x1 + 저격왕x1 + 모리아x1"	"66"	"5"
"153"	"코알라"	"7"	"왜곡됨"	"105,69,23,16"	"False"	"False"	"True"	"False"	"False"	"True"	"False"	"False"	"False"	"False"	"True"	"False"	"False"	"False"	"False"	"False"	"False"	"True"	"False"	"False"	"False"	"True"	"False"	"False"	"비비x1 + 목재x3 + 로빈x1 + 징베x1"	"64"	"5"
"348"	"퀸"	"7"	"왜곡됨"	"290,64,22,16"	"True"	"False"	"True"	"False"	"False"	"True"	"False"	"False"	"False"	"False"	"True"	"False"	"False"	"False"	"True"	"False"	"False"	"False"	"False"	"True"	"False"	"True"	"False"	"False"	"프랑키x1 + 킹x1 + 목재x3 + 상디 디아블잠브x1"	"64"	"5"
"353"	"블랙마리아"	"7"	"왜곡됨"	"123,88,43,16"	"True"	"True"	"True"	"False"	"False"	"False"	"False"	"False"	"False"	"False"	"False"	"False"	"False"	"False"	"False"	"False"	"True"	"True"	"True"	"False"	"False"	"True"	"False"	"False"	"블랙마리아x1 + 목재x3 + 로빈 오하라x1 + 브룩 음악가x1"	"66"	"5"
"366"	"바제스"	"7"	"왜곡됨"	"160,83,26,20,16"	"False"	"False"	"True"	"False"	"False"	"False"	"False"	"False"	"True"	"False"	"False"	"False"	"True"	"False"	"False"	"False"	"False"	"False"	"False"	"False"	"False"	"False"	"False"	"False"	"사보x1 + 후쿠로x1 + 하찌x1 + 목재x3 + 바제스x1"	"62"	"5"
"367"	"에이스"	"7"	"왜곡됨"	"133,73,57,16"	"True"	"True"	"False"	"False"	"False"	"False"	"True"	"False"	"False"	"False"	"False"	"False"	"False"	"False"	"False"	"False"	"False"	"False"	"False"	"False"	"False"	"False"	"False"	"False"	"마젤란x1 + 목재x3 + 스쿼드x1 + 에이스x1"	"67"	"5"
"170"	"도플라밍고"	"8"	"변화된"	"89,16"	"False"	"False"	"False"	"False"	"False"	"False"	"False"	"False"	"True"	"False"	"False"	"False"	"True"	"False"	"False"	"False"	"False"	"False"	"False"	"False"	"False"	"False"	"False"	"False"	"도플라밍고x1 + 목재x10"	"23"	"4"
"173"	"비비"	"8"	"변화된"	"69,16"	"True"	"True"	"False"	"False"	"False"	"False"	"False"	"False"	"False"	"False"	"False"	"False"	"False"	"False"	"False"	"False"	"False"	"False"	"False"	"False"	"False"	"False"	"False"	"False"	"목재x10 + 비비x1"	"23"	"4"
"254"	"캐럿 스론"	"8"	"변화된"	"253,16"	"False"	"False"	"False"	"False"	"False"	"False"	"False"	"False"	"True"	"False"	"False"	"False"	"False"	"False"	"False"	"False"	"False"	"True"	"False"	"False"	"False"	"False"	"False"	"True"	"목재x10 + 캐럿x1"	"38"	"5"
"266"	"베이비5"	"8"	"변화된"	"70,16"	"False"	"False"	"False"	"False"	"False"	"False"	"False"	"False"	"False"	"False"	"True"	"False"	"False"	"False"	"False"	"False"	"False"	"False"	"False"	"False"	"False"	"True"	"False"	"False"	"목재x10 + 베이비5x1"	"25"	"4"
"347"	"카쿠"	"8"	"변화된"	"249,16"	"False"	"False"	"False"	"False"	"False"	"False"	"False"	"False"	"False"	"True"	"False"	"False"	"False"	"True"	"False"	"False"	"False"	"False"	"False"	"False"	"False"	"False"	"False"	"False"	"목재x10 + 카쿠x1"	"25"	"4"
"142"	"아인"	"9"	"제한됨"	"77,92,148,15,286,16"	"False"	"False"	"False"	"False"	"False"	"False"	"False"	"False"	"False"	"True"	"True"	"False"	"False"	"False"	"False"	"False"	"False"	"True"	"False"	"False"	"True"	"True"	"False"	"False"	"목재x5 + 압살롬x3 + 금 5,000x1 + 베르고x1 + 아오키지x1 + 벤 베크만x1"	"82"	"5"
"187"	"크로커다일"	"9"	"제한됨"	"68,173,161,286,16"	"True"	"True"	"True"	"False"	"False"	"False"	"False"	"False"	"False"	"False"	"False"	"False"	"False"	"False"	"False"	"False"	"False"	"False"	"False"	"True"	"False"	"False"	"False"	"False"	"금 5,000x1 + 비비x1 + 크로커다일 MR.0x1 + 목재x5 + 아카이누x1"	"82"	"5"
"193"	"레베카"	"9"	"제한됨"	"155,126,170,286,16"	"True"	"True"	"False"	"False"	"False"	"False"	"False"	"False"	"False"	"False"	"True"	"False"	"False"	"False"	"False"	"False"	"False"	"True"	"False"	"False"	"False"	"True"	"True"	"False"	"금 5,000x1 + 목재x5 + 도플라밍고x1 + 레베카x1 + 슈가x1"	"93"	"5"
"214"	"레드필드"	"9"	"제한됨"	"135,117,163,16,286"	"False"	"False"	"False"	"False"	"False"	"False"	"False"	"False"	"False"	"True"	"True"	"False"	"False"	"True"	"False"	"False"	"True"	"True"	"True"	"False"	"False"	"False"	"False"	"False"	"금 5,000x1 + 바르토로메오x1 + 목재x5 + 쵸파 유력강화x1 + 봉쿠레x1"	"114"	"5"
"215"	"에넬"	"9"	"제한됨"	"146,131,38,168,286,16"	"False"	"True"	"True"	"True"	"True"	"True"	"False"	"False"	"False"	"True"	"True"	"False"	"False"	"False"	"False"	"False"	"True"	"True"	"False"	"False"	"False"	"True"	"False"	"False"	"목재x5 + 해적선x1 + 금 5,000x1 + 시저x1 + 방주맥심x1 + 나미 크리마텍트x1"	"80"	"5"
"251"	"카타쿠리"	"9"	"제한됨"	"255,64,63,47,301,16"	"True"	"False"	"False"	"False"	"False"	"False"	"False"	"False"	"False"	"False"	"True"	"False"	"False"	"False"	"True"	"False"	"False"	"True"	"False"	"False"	"False"	"True"	"True"	"False"	"목재x5 + 금 30,000x1 + 상디 디아블잠브x1 + 루피 기어써드x1 + 갱 벳지x1 + 크래커x1"	"78"	"5"
"269"	"시노부"	"9"	"제한됨"	"268,108,168,286,16"	"False"	"True"	"False"	"False"	"False"	"False"	"False"	"False"	"False"	"True"	"True"	"False"	"False"	"True"	"False"	"False"	"False"	"True"	"False"	"False"	"False"	"True"	"False"	"False"	"금 5,000x1 + 목재x5 + 핸콕x1 + 시노부x1 + 해적선x1"	"91"	"5"
"291"	"킹"	"9"	"제한됨"	"290,129,144,16,286"	"True"	"True"	"False"	"False"	"False"	"False"	"False"	"False"	"True"	"False"	"False"	"False"	"False"	"False"	"False"	"False"	"False"	"False"	"False"	"True"	"False"	"False"	"True"	"False"	"금 5,000x1 + 고대의 배x1 + 검은수염x1 + 목재x5 + 킹x1"	"96"	"5"
"326"	"마르코"	"9"	"제한됨"	"137,135,325,286,16"	"False"	"True"	"False"	"False"	"False"	"False"	"False"	"False"	"True"	"False"	"False"	"False"	"True"	"False"	"True"	"False"	"False"	"True"	"False"	"False"	"False"	"False"	"True"	"False"	"금 5,000x1 + 목재x5 + 마르코 환수종x1 + 불사조의 깃털x1 + 쵸파 유력강화x1"	"95"	"5"
"331"	"알비다"	"9"	"제한됨"	"123,68,66,41,332,286,16"	"True"	"False"	"True"	"False"	"False"	"False"	"False"	"False"	"False"	"False"	"False"	"False"	"False"	"False"	"False"	"False"	"False"	"True"	"True"	"True"	"False"	"False"	"False"	"False"	"목재x5 + 미호크x1 + 금 5,000x1 + 특성포인트 x 4x1 + 버기 마기탄x1 + 블랙마리아x1 + 크로커다일 MR.0x1"	"83"	"5"
"188"	"초월쿠마"	"10"	"초월함"	""	"False"	"False"	"False"	"False"	"False"	"False"	"False"	"False"	"False"	"False"	"False"	"False"	"False"	"False"	"False"	"False"	"False"	"False"	"False"	"False"	"False"	"False"	"False"	"False"	""	"0"	"0"
"189"	"루피"	"10"	"초월함"	"104,117,99,188"	"True"	"True"	"True"	"False"	"False"	"False"	"False"	"False"	"False"	"False"	"False"	"False"	"False"	"True"	"False"	"False"	"False"	"True"	"False"	"True"	"False"	"False"	"True"	"False"	"루피 나이트메어x1 + 바르토로메오x1 + 초월쿠마x1 + 와이퍼x1"	"100"	"5"
"190"	"상디"	"10"	"초월함"	"120,255,38,188"	"False"	"True"	"False"	"False"	"False"	"False"	"False"	"True"	"True"	"True"	"False"	"False"	"True"	"False"	"False"	"False"	"False"	"True"	"False"	"False"	"False"	"False"	"False"	"False"	"나미 크리마텍트x1 + 초월쿠마x1 + 크래커x1 + 상디x1"	"91"	"5"
"191"	"조로"	"10"	"초월함"	"118,156,97,28,188"	"True"	"True"	"True"	"False"	"False"	"False"	"False"	"False"	"False"	"False"	"False"	"False"	"False"	"False"	"False"	"False"	"False"	"True"	"False"	"False"	"False"	"False"	"False"	"False"	"조로 사자의노래x1 + 바르토로메오x1 + 초월쿠마x1 + 검호 미호크x1 + 페로나x1"	"93"	"5"
"192"	"나미"	"10"	"초월함"	"130,109,38,54,188"	"False"	"True"	"False"	"False"	"False"	"False"	"False"	"False"	"False"	"False"	"False"	"False"	"False"	"False"	"False"	"False"	"True"	"False"	"False"	"False"	"False"	"False"	"False"	"False"	"초월쿠마x1 + 아론x1 + 시키x1 + 나미 크리마텍트x1 + 나미x1"	"94"	"5"
"195"	"우솝"	"10"	"초월함"	"115,126,92,28,188"	"True"	"False"	"True"	"False"	"False"	"False"	"False"	"False"	"False"	"False"	"True"	"False"	"False"	"False"	"False"	"False"	"True"	"False"	"False"	"False"	"False"	"True"	"True"	"False"	"페로나x1 + 초월쿠마x1 + 카르가라x1 + 벤 베크만x1 + 슈가x1"	"94"	"5"
"196"	"쵸파"	"10"	"초월함"	"136,135,6,188"	"True"	"False"	"False"	"False"	"False"	"False"	"True"	"True"	"False"	"False"	"False"	"False"	"False"	"False"	"False"	"False"	"False"	"False"	"False"	"False"	"False"	"False"	"True"	"False"	"쵸파x1 + 초월쿠마x1 + 울티x1 + 쵸파 유력강화x1"	"90"	"5"
"197"	"로빈"	"10"	"초월함"	"119,123,50,23,188"	"True"	"False"	"True"	"False"	"False"	"False"	"True"	"False"	"False"	"False"	"False"	"False"	"False"	"False"	"False"	"True"	"False"	"True"	"False"	"False"	"False"	"False"	"False"	"False"	"초월쿠마x1 + 블랙마리아x1 + 로빈x1 + 크로커다일x1 + 루치x1"	"99"	"5"
"198"	"프랑키"	"10"	"초월함"	"128,266,249,32,188"	"False"	"False"	"False"	"False"	"False"	"True"	"False"	"False"	"False"	"False"	"False"	"False"	"False"	"False"	"False"	"False"	"True"	"False"	"False"	"False"	"False"	"False"	"False"	"False"	"초월쿠마x1 + 파이러츠도킹5x1 + 카쿠x1 + 쿠마 폭군x1 + 베이비5x1"	"92"	"5"
"199"	"브룩"	"10"	"초월함"	"116,164,86,49,188"	"False"	"True"	"True"	"True"	"True"	"True"	"False"	"True"	"True"	"False"	"False"	"False"	"False"	"True"	"False"	"False"	"False"	"True"	"False"	"False"	"False"	"False"	"False"	"False"	"초월쿠마x1 + 라분x1 + 류마x1 + 페로나x1 + 모리아x1"	"88"	"5"
"200"	"시라호시"	"10"	"초월함"	"105,158,69,188"	"False"	"False"	"True"	"False"	"False"	"False"	"False"	"False"	"True"	"False"	"False"	"False"	"False"	"False"	"False"	"False"	"False"	"False"	"True"	"False"	"False"	"False"	"True"	"False"	"비비x1 + 반더데켄x1 + 초월쿠마x1 + 징베x1"	"95"	"5"
"201"	"아카이누"	"10"	"초월함"	"349,161,59,188"	"False"	"True"	"False"	"False"	"False"	"False"	"False"	"False"	"False"	"False"	"True"	"False"	"False"	"False"	"False"	"False"	"False"	"True"	"False"	"False"	"False"	"True"	"False"	"False"	"히바리x1 + 초월쿠마x1 + 에이스 2번대대장x1 + 아카이누x1"	"88"	"5"
"202"	"아오키지"	"10"	"초월함"	"132,165,43,27,188"	"False"	"True"	"True"	"False"	"False"	"False"	"False"	"False"	"True"	"False"	"False"	"False"	"False"	"False"	"False"	"False"	"False"	"False"	"False"	"False"	"False"	"False"	"False"	"True"	"제파x1 + 아오키지x1 + 타시기x1 + 초월쿠마x1 + 로빈 오하라x1"	"94"	"5"
"203"	"키자루"	"10"	"초월함"	"122,125,78,54,45,188"	"False"	"False"	"True"	"False"	"False"	"False"	"False"	"False"	"False"	"True"	"True"	"False"	"False"	"False"	"False"	"False"	"False"	"True"	"False"	"False"	"False"	"True"	"False"	"False"	"초월쿠마x1 + 바질 호킨스x1 + 키자루x1 + 레일리x1 + 후지토라x1 + 아론x1"	"95"	"5"
"204"	"검은수염"	"10"	"초월함"	"129,112,45,188"	"False"	"True"	"False"	"False"	"True"	"False"	"False"	"False"	"False"	"False"	"False"	"False"	"False"	"False"	"False"	"True"	"False"	"True"	"False"	"False"	"False"	"True"	"False"	"False"	"초월쿠마x1 + 바질 호킨스x1 + 검은수염x1 + 흰수염x1"	"94"	"5"
"205"	"샹크스"	"10"	"초월함"	"111,156,102,51,188"	"False"	"True"	"True"	"False"	"False"	"False"	"False"	"False"	"False"	"False"	"True"	"False"	"False"	"False"	"False"	"False"	"True"	"True"	"False"	"False"	"False"	"True"	"False"	"False"	"샹크스x1 + 캡틴 키드x1 + 루피 기어세컨드x1 + 검호 미호크x1 + 초월쿠마x1"	"91"	"5"
"206"	"로우"	"10"	"초월함"	"134,131,29,188"	"False"	"True"	"False"	"False"	"False"	"False"	"True"	"False"	"False"	"True"	"False"	"True"	"False"	"False"	"False"	"True"	"False"	"False"	"False"	"False"	"False"	"True"	"False"	"False"	"초월쿠마x1 + 시저x1 + 베포x2 + 로우x1"	"92"	"5"
"207"	"후지토라"	"10"	"초월함"	"122,150,74,27,188"	"True"	"True"	"True"	"False"	"False"	"False"	"False"	"False"	"False"	"False"	"False"	"False"	"False"	"False"	"False"	"False"	"False"	"False"	"False"	"True"	"False"	"False"	"True"	"False"	"타시기x1 + 모몬가x1 + 키쿠노죠x1 + 초월쿠마x1 + 후지토라x1"	"92"	"5"
"208"	"도플라밍고"	"10"	"초월함"	"170,266,148,87,24,188"	"True"	"True"	"False"	"False"	"False"	"False"	"False"	"False"	"True"	"False"	"False"	"False"	"True"	"False"	"False"	"True"	"False"	"False"	"False"	"False"	"False"	"False"	"False"	"False"	"베르고x1 + 베이비5x1 + 저격왕x1 + 슈가x1 + 초월쿠마x1 + 도플라밍고x1"	"98"	"5"
"209"	"타시기"	"10"	"초월함"	"121,131,62,27,188"	"True"	"False"	"False"	"False"	"False"	"False"	"False"	"False"	"False"	"False"	"False"	"False"	"False"	"False"	"False"	"False"	"False"	"True"	"False"	"True"	"False"	"True"	"False"	"False"	"스모커x1 + 시저x1 + 초월쿠마x1 + 타시기x1 + 코비x1"	"88"	"5"
"216"	"사보"	"10"	"초월함"	"366,137,188"	"True"	"True"	"True"	"False"	"False"	"False"	"False"	"True"	"False"	"False"	"True"	"False"	"False"	"True"	"False"	"False"	"True"	"True"	"False"	"False"	"False"	"False"	"True"	"False"	"초월쿠마x1 + 마르코 환수종x1 + 바제스x1"	"107"	"6"
"250"	"루치"	"10"	"초월함"	"119,160,43,188"	"False"	"False"	"False"	"False"	"False"	"False"	"False"	"False"	"False"	"True"	"False"	"False"	"True"	"True"	"False"	"False"	"False"	"True"	"False"	"False"	"False"	"True"	"False"	"True"	"사보x1 + 초월쿠마x1 + 로빈 오하라x1 + 루치x1"	"93"	"5"
"270"	"바질 호킨스"	"10"	"초월함"	"118,121,78,82,188"	"True"	"True"	"True"	"False"	"False"	"False"	"False"	"False"	"False"	"False"	"False"	"False"	"False"	"False"	"False"	"False"	"False"	"True"	"False"	"False"	"False"	"False"	"False"	"False"	"조로 사자의노래x1 + 바질 호킨스x1 + 초월쿠마x1 + 코비x1 + 키자루x1"	"110"	"5"
"272"	"징베"	"10"	"초월함"	"105,116,59,188"	"True"	"True"	"True"	"False"	"False"	"True"	"False"	"True"	"False"	"False"	"False"	"False"	"False"	"False"	"False"	"False"	"False"	"True"	"False"	"True"	"False"	"False"	"True"	"False"	"초월쿠마x1 + 라분x1 + 에이스 2번대대장x1 + 징베x1"	"93"	"5"
"273"	"스네이크맨"	"10"	"초월함"	"104,139,94,25,188"	"False"	"False"	"False"	"False"	"False"	"False"	"False"	"False"	"True"	"False"	"True"	"True"	"False"	"False"	"False"	"False"	"False"	"True"	"False"	"False"	"False"	"True"	"False"	"False"	"레드포스호x1 + 루피 나이트메어x1 + 사보x1 + 에이스x1 + 초월쿠마x1"	"106"	"6"
"292"	"키드"	"10"	"초월함"	"275,166,81,51,42,188"	"False"	"True"	"True"	"False"	"False"	"False"	"False"	"False"	"False"	"False"	"False"	"False"	"False"	"False"	"False"	"False"	"False"	"True"	"False"	"False"	"False"	"False"	"False"	"False"	"로우x1 + 킬러x1 + 키드x1 + 네코마무시x1 + 초월쿠마x1 + 루피 기어세컨드x1"	"94"	"5"
"299"	"야마토"	"10"	"초월함"	"136,267,67,38,59,188"	"True"	"True"	"True"	"False"	"False"	"False"	"False"	"False"	"False"	"False"	"False"	"False"	"False"	"False"	"False"	"False"	"False"	"True"	"False"	"False"	"False"	"False"	"True"	"False"	"핸콕x1 + 토키x1 + 에이스 2번대대장x1 + 나미 크리마텍트x1 + 초월쿠마x1 + 울티x1"	"96"	"5"
"303"	"료쿠규"	"10"	"초월함"	"302,122,51,188"	"True"	"True"	"False"	"False"	"False"	"False"	"False"	"False"	"False"	"False"	"False"	"False"	"False"	"False"	"False"	"False"	"False"	"False"	"False"	"True"	"False"	"False"	"True"	"False"	"초월쿠마x1 + 후지토라x1 + 루피 기어세컨드x1 + 료쿠규x1"	"95"	"5"
"321"	"조로 (강화)"	"10"	"초월함"	"191,332"	"True"	"True"	"True"	"False"	"False"	"False"	"False"	"False"	"False"	"False"	"False"	"False"	"False"	"False"	"False"	"False"	"False"	"True"	"False"	"False"	"False"	"False"	"False"	"False"	"조로x1 + 특성포인트 x 4x1"	"94"	"6"
"323"	"조로 (염왕)"	"10"	"초월함"	"321,322"	"True"	"True"	"True"	"False"	"False"	"False"	"False"	"False"	"False"	"False"	"False"	"False"	"False"	"False"	"False"	"False"	"False"	"True"	"False"	"False"	"False"	"False"	"False"	"False"	"슈스이x1 + 조로 (강화)x1"	"95"	"7"
"330"	"주얼리 보니"	"10"	"초월함"	"329,128,44,47,188"	"True"	"False"	"True"	"False"	"False"	"False"	"False"	"False"	"False"	"False"	"False"	"False"	"True"	"True"	"False"	"True"	"False"	"False"	"False"	"False"	"False"	"False"	"False"	"False"	"초월쿠마x1 + 조로 귀기x1 + 갱 벳지x1 + 쿠마 폭군x1 + 스튜시x1"	"94"	"5"
"350"	"코비"	"10"	"초월함"	"349,121,72,39,188"	"False"	"False"	"False"	"False"	"False"	"False"	"False"	"True"	"True"	"True"	"False"	"True"	"False"	"False"	"False"	"False"	"True"	"True"	"False"	"False"	"False"	"False"	"False"	"False"	"히바리x1 + 헤르메포x1 + 거프x1 + 코비x1 + 초월쿠마x1"	"100"	"5"
"368"	"베가펑크(스네이크)"	"10"	"초월함"	"365,329,78,188"	"True"	"True"	"True"	"False"	"False"	"False"	"True"	"True"	"False"	"False"	"True"	"True"	"False"	"True"	"False"	"False"	"True"	"False"	"False"	"False"	"False"	"True"	"False"	"False"	"초월쿠마x1 + 키자루x1 + 스네이크 (핸콕)x1 + 스튜시x1"	"95"	"6"
"369"	"베가펑크(베어)"	"10"	"초월함"	"363,329,78,188"	"True"	"True"	"True"	"False"	"False"	"False"	"True"	"True"	"False"	"False"	"True"	"True"	"False"	"True"	"False"	"False"	"True"	"False"	"False"	"False"	"False"	"True"	"False"	"False"	"베어 (쿠마)x1 + 초월쿠마x1 + 키자루x1 + 스튜시x1"	"102"	"6"
"370"	"베가펑크(샤크)"	"10"	"초월함"	"364,329,78,188"	"True"	"True"	"True"	"False"	"False"	"False"	"True"	"True"	"False"	"False"	"True"	"True"	"False"	"True"	"False"	"False"	"True"	"False"	"False"	"False"	"False"	"True"	"False"	"False"	"초월쿠마x1 + 스튜시x1 + 키자루x1 + 샤크 (징베)x1"	"102"	"6"
"371"	"베가펑크(호크)"	"10"	"초월함"	"362,329,78,188"	"True"	"True"	"True"	"False"	"False"	"False"	"True"	"True"	"False"	"False"	"True"	"True"	"False"	"True"	"False"	"False"	"True"	"False"	"False"	"False"	"False"	"True"	"False"	"False"	"초월쿠마x1 + 호크 (미호크)x1 + 키자루x1 + 스튜시x1"	"91"	"6"
"175"	"시키"	"11"	"불멸의"	"109,120,115,16"	"True"	"False"	"True"	"False"	"True"	"False"	"False"	"False"	"True"	"False"	"False"	"False"	"False"	"False"	"False"	"False"	"False"	"True"	"False"	"True"	"False"	"False"	"True"	"False"	"시키x1 + 카르가라x1 + 목재x10 + 상디x1"	"136"	"5"
"176"	"레일리"	"11"	"불멸의"	"125,104,108,16"	"True"	"False"	"True"	"False"	"False"	"False"	"False"	"True"	"False"	"False"	"False"	"False"	"False"	"False"	"False"	"False"	"False"	"True"	"False"	"True"	"True"	"False"	"True"	"False"	"루피 나이트메어x1 + 핸콕x1 + 목재x10 + 레일리x1"	"120"	"5"
"177"	"로져"	"11"	"불멸의"	"133,110,106,16"	"True"	"True"	"False"	"False"	"False"	"False"	"True"	"False"	"False"	"False"	"True"	"False"	"False"	"False"	"False"	"False"	"False"	"True"	"False"	"False"	"False"	"False"	"False"	"False"	"센고쿠x1 + 목재x10 + 스모커x1 + 에이스x1"	"143"	"5"
"178"	"스코퍼 가반"	"11"	"불멸의"	"111,118,113,16"	"True"	"False"	"False"	"False"	"False"	"False"	"False"	"False"	"False"	"True"	"True"	"False"	"False"	"True"	"False"	"False"	"False"	"True"	"False"	"False"	"False"	"True"	"False"	"False"	"샹크스x1 + 목재x10 + 조로 사자의노래x1 + 레이쥬x1"	"136"	"5"
"179"	"센고쿠"	"11"	"불멸의"	"110,113,119,16"	"False"	"False"	"True"	"False"	"False"	"False"	"True"	"False"	"False"	"False"	"False"	"True"	"False"	"False"	"False"	"True"	"False"	"False"	"False"	"False"	"False"	"False"	"False"	"False"	"센고쿠x1 + 목재x10 + 레이쥬x1 + 루치x1"	"147"	"5"
"180"	"흰수염"	"11"	"불멸의"	"112,117,137,16"	"True"	"True"	"True"	"False"	"False"	"False"	"False"	"False"	"False"	"False"	"False"	"False"	"False"	"False"	"False"	"False"	"True"	"True"	"False"	"False"	"False"	"False"	"True"	"False"	"바르토로메오x1 + 마르코 환수종x1 + 목재x10 + 흰수염x1"	"140"	"5"
"181"	"제트"	"11"	"불멸의"	"132,123,126,16"	"False"	"True"	"True"	"False"	"False"	"False"	"False"	"False"	"False"	"True"	"True"	"False"	"False"	"False"	"False"	"False"	"False"	"True"	"True"	"False"	"False"	"True"	"False"	"False"	"제파x1 + 블랙마리아x1 + 목재x10 + 슈가x1"	"141"	"5"
"182"	"거프"	"11"	"불멸의"	"107,106,121,16"	"False"	"False"	"True"	"False"	"False"	"False"	"False"	"False"	"False"	"False"	"True"	"False"	"True"	"False"	"False"	"False"	"True"	"True"	"False"	"False"	"False"	"False"	"True"	"False"	"목재x10 + 드래곤x1 + 스모커x1 + 코비x1"	"134"	"5"
"183"	"드래곤"	"11"	"불멸의"	"107,128,275,16"	"False"	"False"	"True"	"False"	"False"	"False"	"False"	"True"	"False"	"False"	"True"	"False"	"False"	"False"	"False"	"False"	"False"	"False"	"False"	"False"	"True"	"False"	"False"	"True"	"네코마무시x1 + 목재x10 + 드래곤x1 + 쿠마 폭군x1"	"143"	"5"
"211"	"빅맘"	"11"	"불멸의"	"113,255,136,16"	"False"	"True"	"True"	"False"	"False"	"False"	"False"	"False"	"True"	"False"	"False"	"False"	"False"	"False"	"False"	"False"	"True"	"True"	"False"	"False"	"True"	"False"	"False"	"False"	"울티x1 + 크래커x1 + 목재x10 + 레이쥬x1"	"142"	"5"
"257"	"카이도"	"11"	"불멸의"	"103,107,290,16"	"True"	"True"	"True"	"False"	"False"	"False"	"False"	"False"	"True"	"False"	"False"	"False"	"False"	"False"	"True"	"False"	"False"	"True"	"False"	"False"	"False"	"False"	"True"	"False"	"모리아x1 + 킹x1 + 드래곤x1 + 목재x10"	"143"	"5"
"356"	"불릿"	"11"	"불멸의"	"109,106,129,16"	"True"	"True"	"True"	"False"	"False"	"False"	"False"	"False"	"False"	"False"	"True"	"False"	"False"	"False"	"False"	"True"	"True"	"True"	"False"	"True"	"False"	"False"	"False"	"False"	"시키x1 + 검은수염x1 + 목재x10 + 스모커x1"	"137"	"5"
"217"	"에이스"	"12"	"영원한"	"367,137,16"	"False"	"True"	"True"	"False"	"False"	"False"	"False"	"False"	"False"	"False"	"False"	"False"	"False"	"False"	"False"	"False"	"True"	"True"	"False"	"False"	"False"	"False"	"False"	"False"	"마르코 환수종x1 + 에이스x1 + 목재x5"	"116"	"6"
"218"	"비비"	"12"	"영원한"	"187,173,63,92,43,32,16"	"False"	"False"	"False"	"False"	"False"	"False"	"False"	"False"	"False"	"True"	"True"	"False"	"False"	"True"	"False"	"False"	"False"	"True"	"False"	"False"	"False"	"True"	"False"	"False"	"목재x5 + 파이러츠도킹5x1 + 루피 기어써드x1 + 로빈 오하라x1 + 벤 베크만x1 + 비비x1 + 크로커다일x1"	"146"	"6"
"219"	"버기"	"12"	"영원한"	"130,149,91,73,41,58,15,16"	"True"	"True"	"False"	"False"	"False"	"False"	"True"	"True"	"False"	"False"	"False"	"False"	"False"	"False"	"False"	"False"	"False"	"True"	"False"	"False"	"False"	"False"	"True"	"False"	"목재x5 + 압살롬x1 + 이완코브x1 + 나미x1 + 봉쿠레x1 + 버기 마기탄x1 + 샹크스x1 + 마젤란x1"	"114"	"5"
"220"	"카번딧슈"	"12"	"영원한"	"134,166,155,21,16"	"True"	"False"	"True"	"False"	"False"	"False"	"False"	"False"	"False"	"False"	"True"	"False"	"True"	"False"	"False"	"False"	"False"	"True"	"False"	"True"	"True"	"True"	"True"	"False"	"킬러x1 + 레베카x1 + 목재x5 + 로우x1 + 캡틴크로x1"	"105"	"5"
"221"	"미호크"	"12"	"영원한"	"141,156,75,168,16"	"False"	"True"	"False"	"False"	"False"	"False"	"False"	"False"	"False"	"False"	"False"	"True"	"False"	"False"	"False"	"False"	"False"	"True"	"False"	"False"	"False"	"False"	"False"	"False"	"시류x1 + 목재x5 + 검호 미호크x1 + 페로나x1 + 해적선x2"	"120"	"6"
"222"	"핸콕"	"12"	"영원한"	"108,151,63,74,37,16"	"True"	"True"	"True"	"True"	"False"	"False"	"False"	"False"	"False"	"False"	"False"	"False"	"False"	"True"	"False"	"False"	"True"	"True"	"False"	"False"	"False"	"False"	"False"	"False"	"목재x5 + 피셔타이거x1 + 루피 기어써드x1 + 모몬가x1 + 징베x1 + 핸콕x1"	"106"	"5"
"276"	"오뎅"	"12"	"영원한"	"267,268,150,95,16"	"False"	"False"	"True"	"False"	"True"	"False"	"True"	"False"	"False"	"False"	"False"	"False"	"False"	"False"	"False"	"False"	"False"	"True"	"False"	"False"	"False"	"True"	"False"	"False"	"목재x5 + 마르코 불사조x1 + 키쿠노죠x1 + 시노부x1 + 토키x1"	"128"	"5"
"305"	"니카 (루초)"	"12"	"영원한"	"189,134,102,25,304,16"	"True"	"False"	"True"	"False"	"False"	"False"	"False"	"True"	"True"	"False"	"False"	"False"	"False"	"False"	"False"	"False"	"False"	"True"	"False"	"False"	"False"	"False"	"True"	"False"	"태양신의 흔적x1 + 로우x1 + 에이스x1 + 루피x1 + 목재x5 + 캡틴 키드x1"	"166"	"6"
"306"	"니카 (뱀초)"	"12"	"영원한"	"273,134,102,25,304,16"	"True"	"False"	"True"	"False"	"False"	"False"	"False"	"True"	"True"	"False"	"False"	"False"	"False"	"False"	"False"	"False"	"False"	"True"	"False"	"False"	"False"	"False"	"True"	"False"	"태양신의 흔적x1 + 로우x1 + 에이스x1 + 목재x5 + 스네이크맨x1 + 캡틴 키드x1"	"172"	"7"
"308"	"우타"	"12"	"영원한"	"111,103,163,124,88,1,307,16"	"True"	"True"	"True"	"True"	"False"	"False"	"True"	"True"	"False"	"False"	"True"	"True"	"True"	"True"	"False"	"False"	"False"	"False"	"False"	"True"	"False"	"False"	"False"	"True"	"목재x5 + 봉쿠레x1 + 샹크스x1 + 루피x1 + 레일리x1 + 브룩 음악가x1 + 모리아x1 + 우타의 헤드셋x1"	"125"	"5"
"346"	"류마"	"12"	"영원한"	"134,154,164,16"	"True"	"False"	"False"	"False"	"False"	"False"	"False"	"False"	"False"	"False"	"True"	"False"	"True"	"False"	"False"	"False"	"True"	"True"	"False"	"False"	"False"	"False"	"False"	"False"	"류마x1 + 목재x5 + 로우x1 + 시류x1"	"115"	"5"
"359"	"테조로"	"12"	"영원한"	"115,329,302,16"	"False"	"False"	"True"	"False"	"False"	"False"	"False"	"True"	"False"	"False"	"True"	"False"	"False"	"True"	"False"	"False"	"False"	"True"	"True"	"False"	"True"	"True"	"False"	"False"	"카르가라x1 + 목재x5 + 료쿠규x1 + 스튜시x1"	"129"	"5"
"16"	"목재"	"14"	"기타"	""	"False"	"False"	"False"	"False"	"False"	"False"	"False"	"False"	"False"	"False"	"False"	"False"	"False"	"False"	"False"	"False"	"False"	"False"	"False"	"False"	"False"	"False"	"False"	"False"	""	"0"	"0"
"184"	"행운의 토큰"	"14"	"기타"	""	"False"	"False"	"False"	"False"	"False"	"False"	"False"	"False"	"False"	"False"	"False"	"False"	"False"	"False"	"False"	"False"	"False"	"False"	"False"	"False"	"False"	"False"	"False"	"False"	""	"0"	"0"
"280"	"금 10,000"	"14"	"기타"	""	"False"	"False"	"False"	"False"	"False"	"False"	"False"	"False"	"False"	"False"	"False"	"False"	"False"	"False"	"False"	"False"	"False"	"False"	"False"	"False"	"False"	"False"	"False"	"False"	""	"0"	"0"
"286"	"금 5,000"	"14"	"기타"	""	"False"	"False"	"False"	"False"	"False"	"False"	"False"	"False"	"False"	"False"	"False"	"False"	"False"	"False"	"False"	"False"	"False"	"False"	"False"	"False"	"False"	"False"	"False"	"False"	""	"0"	"0"
"287"	"랜덤전용유닛 1기"	"14"	"기타"	""	"False"	"False"	"False"	"False"	"False"	"False"	"False"	"False"	"False"	"False"	"False"	"False"	"False"	"False"	"False"	"False"	"False"	"False"	"False"	"False"	"False"	"False"	"False"	"False"	""	"0"	"0"
"301"	"금 30,000"	"14"	"기타"	""	"False"	"False"	"False"	"False"	"False"	"False"	"False"	"False"	"False"	"False"	"False"	"False"	"False"	"False"	"False"	"False"	"False"	"False"	"False"	"False"	"False"	"False"	"False"	"False"	""	"0"	"0"
"304"	"태양신의 흔적"	"14"	"기타"	""	"False"	"False"	"False"	"False"	"False"	"False"	"True"	"False"	"False"	"False"	"False"	"False"	"False"	"False"	"False"	"False"	"False"	"False"	"False"	"False"	"False"	"False"	"False"	"False"	""	"0"	"0"
"307"	"우타의 헤드셋"	"14"	"기타"	""	"False"	"False"	"False"	"False"	"False"	"False"	"False"	"True"	"False"	"False"	"False"	"False"	"False"	"False"	"False"	"False"	"False"	"False"	"False"	"False"	"False"	"False"	"False"	"False"	""	"0"	"0"
"322"	"슈스이"	"14"	"기타"	""	"True"	"False"	"False"	"False"	"False"	"False"	"False"	"False"	"False"	"False"	"False"	"False"	"False"	"False"	"False"	"False"	"False"	"False"	"False"	"False"	"False"	"False"	"False"	"False"	""	"0"	"0"
"325"	"불사조의 깃털"	"14"	"기타"	""	"False"	"False"	"False"	"False"	"False"	"False"	"False"	"False"	"False"	"False"	"False"	"False"	"False"	"False"	"True"	"False"	"False"	"False"	"False"	"False"	"False"	"False"	"False"	"False"	""	"0"	"0"
"332"	"특성포인트 x 4"	"14"	"기타"	""	"False"	"False"	"False"	"False"	"False"	"False"	"False"	"False"	"False"	"False"	"False"	"False"	"False"	"False"	"False"	"False"	"False"	"False"	"False"	"False"	"False"	"False"	"False"	"False"	""	"0"	"0"
"361"	"그린블러드"	"14"	"기타"	""	"False"	"False"	"True"	"False"	"False"	"False"	"False"	"False"	"False"	"False"	"False"	"False"	"False"	"False"	"False"	"False"	"False"	"False"	"False"	"False"	"False"	"False"	"False"	"False"	""	"0"	"0"
"224"	"페루"	"15"	"특수함"	""	"False"	"False"	"False"	"False"	"False"	"False"	"True"	"False"	"True"	"False"	"False"	"False"	"False"	"False"	"False"	"False"	"False"	"False"	"False"	"False"	"False"	"False"	"False"	"False"	""	"0"	"0"
"225"	"오타마"	"15"	"특수함"	""	"False"	"False"	"False"	"False"	"False"	"False"	"False"	"False"	"False"	"False"	"False"	"False"	"False"	"False"	"False"	"False"	"False"	"False"	"False"	"False"	"False"	"False"	"False"	"False"	""	"0"	"0"
"226"	"모건"	"15"	"특수함"	""	"False"	"False"	"False"	"False"	"False"	"False"	"False"	"False"	"True"	"False"	"False"	"False"	"False"	"False"	"False"	"False"	"False"	"False"	"False"	"False"	"False"	"False"	"False"	"False"	""	"0"	"0"
"227"	"아이스버그"	"15"	"특수함"	""	"False"	"False"	"False"	"False"	"False"	"False"	"False"	"False"	"True"	"False"	"False"	"False"	"False"	"False"	"False"	"False"	"False"	"True"	"False"	"False"	"False"	"False"	"False"	"False"	""	"0"	"0"
"228"	"블고리"	"15"	"특수함"	""	"True"	"False"	"False"	"False"	"False"	"False"	"False"	"False"	"True"	"False"	"False"	"False"	"False"	"False"	"False"	"False"	"False"	"False"	"False"	"False"	"False"	"False"	"False"	"False"	""	"0"	"0"
"271"	"베티"	"15"	"특수함"	""	"False"	"False"	"False"	"False"	"False"	"True"	"False"	"True"	"True"	"False"	"False"	"False"	"False"	"False"	"True"	"False"	"False"	"False"	"False"	"False"	"False"	"False"	"False"	"False"	""	"0"	"0"
"360"	"폭시"	"15"	"특수함"	""	"False"	"True"	"False"	"False"	"False"	"False"	"False"	"False"	"False"	"False"	"False"	"False"	"False"	"False"	"False"	"False"	"False"	"False"	"False"	"False"	"False"	"False"	"False"	"False"	""	"0"	"0"
"230"	"나루토 선인모드"	"16"	"랜덤전용"	""	"False"	"False"	"True"	"False"	"False"	"False"	"False"	"False"	"False"	"False"	"False"	"False"	"False"	"False"	"False"	"False"	"False"	"False"	"False"	"False"	"False"	"False"	"False"	"False"	""	"0"	"0"
"231"	"요츠바"	"16"	"랜덤전용"	""	"False"	"False"	"False"	"False"	"False"	"True"	"False"	"False"	"False"	"False"	"False"	"False"	"False"	"False"	"False"	"False"	"False"	"False"	"False"	"False"	"False"	"False"	"False"	"False"	""	"0"	"0"
"232"	"센토 이스즈"	"16"	"랜덤전용"	""	"True"	"False"	"False"	"False"	"True"	"False"	"False"	"False"	"False"	"False"	"False"	"False"	"False"	"False"	"False"	"False"	"False"	"True"	"False"	"False"	"False"	"False"	"False"	"False"	""	"0"	"0"
"235"	"메구밍"	"16"	"랜덤전용"	""	"False"	"False"	"False"	"False"	"False"	"False"	"False"	"False"	"False"	"False"	"False"	"False"	"False"	"False"	"False"	"False"	"True"	"False"	"False"	"False"	"False"	"False"	"False"	"False"	""	"0"	"0"
"238"	"카미조 토우마"	"16"	"랜덤전용"	""	"False"	"False"	"False"	"False"	"False"	"True"	"True"	"False"	"False"	"False"	"True"	"False"	"False"	"False"	"True"	"False"	"False"	"False"	"False"	"False"	"False"	"False"	"False"	"False"	""	"0"	"0"
"239"	"하네카와 츠바사"	"16"	"랜덤전용"	""	"False"	"True"	"False"	"False"	"False"	"False"	"False"	"True"	"False"	"False"	"False"	"False"	"False"	"False"	"False"	"False"	"False"	"False"	"False"	"False"	"False"	"False"	"False"	"False"	""	"0"	"0"
"240"	"야가미 라이토"	"16"	"랜덤전용"	""	"False"	"False"	"False"	"False"	"False"	"False"	"False"	"False"	"False"	"False"	"False"	"False"	"True"	"False"	"False"	"False"	"False"	"False"	"False"	"False"	"False"	"False"	"False"	"False"	""	"0"	"0"
"241"	"페이몬"	"16"	"랜덤전용"	""	"False"	"False"	"False"	"False"	"True"	"False"	"False"	"False"	"False"	"False"	"False"	"False"	"False"	"False"	"False"	"False"	"False"	"False"	"False"	"False"	"False"	"False"	"False"	"False"	""	"0"	"0"
"242"	"엘리자베스"	"16"	"랜덤전용"	""	"False"	"True"	"False"	"False"	"False"	"False"	"False"	"False"	"True"	"False"	"False"	"False"	"False"	"False"	"False"	"False"	"False"	"True"	"False"	"False"	"False"	"False"	"False"	"False"	""	"0"	"0"
"243"	"이사야마 요미"	"16"	"랜덤전용"	""	"True"	"False"	"False"	"False"	"False"	"False"	"False"	"False"	"False"	"False"	"False"	"False"	"False"	"False"	"False"	"False"	"False"	"False"	"False"	"False"	"False"	"False"	"True"	"False"	""	"0"	"0"
"244"	"k'"	"16"	"랜덤전용"	""	"False"	"False"	"True"	"False"	"False"	"False"	"False"	"False"	"False"	"True"	"False"	"False"	"False"	"False"	"False"	"False"	"False"	"False"	"False"	"False"	"False"	"False"	"False"	"False"	""	"0"	"0"
"278"	"이치의 율자"	"16"	"랜덤전용"	""	"False"	"False"	"False"	"False"	"False"	"False"	"False"	"False"	"True"	"False"	"False"	"False"	"False"	"False"	"False"	"False"	"False"	"False"	"False"	"False"	"False"	"False"	"False"	"False"	""	"0"	"0"
"281"	"옌"	"16"	"랜덤전용"	""	"False"	"False"	"False"	"False"	"False"	"False"	"False"	"False"	"False"	"False"	"False"	"False"	"False"	"False"	"False"	"False"	"False"	"False"	"False"	"False"	"False"	"False"	"False"	"False"	""	"0"	"0"
"293"	"쿠로사키 이치고"	"16"	"랜덤전용"	""	"False"	"False"	"False"	"False"	"False"	"False"	"False"	"False"	"False"	"False"	"False"	"False"	"False"	"True"	"False"	"False"	"False"	"False"	"False"	"False"	"False"	"False"	"False"	"False"	""	"0"	"0"
"279"	"네즈코"	"18"	"신비함"	"239,119,155,88,184,280,16"	"False"	"False"	"False"	"False"	"False"	"False"	"False"	"False"	"False"	"False"	"False"	"False"	"True"	"False"	"False"	"False"	"True"	"True"	"False"	"False"	"False"	"False"	"False"	"True"	"목재x7 + 행운의 토큰x1 + 금 10,000x1 + 브룩 음악가x1 + 레베카x1 + 하네카와 츠바사x1 + 루치x1"	"91"	"5"
"282"	"부릉냐"	"18"	"신비함"	"278,113,145,266,184,280,16"	"False"	"False"	"False"	"False"	"False"	"True"	"False"	"False"	"True"	"False"	"False"	"False"	"False"	"True"	"False"	"False"	"False"	"False"	"False"	"False"	"False"	"True"	"False"	"False"	"목재x7 + 행운의 토큰x1 + 베이비5x1 + 써니호x1 + 금 10,000x1 + 이치의 율자x1 + 레이쥬x1"	"110"	"5"
"283"	"미나토"	"18"	"신비함"	"230,254,268,184,280,16"	"False"	"False"	"True"	"False"	"True"	"False"	"False"	"False"	"False"	"True"	"True"	"False"	"False"	"True"	"False"	"False"	"False"	"False"	"False"	"False"	"False"	"False"	"False"	"False"	"캐럿 스론x1 + 행운의 토큰x1 + 시노부x1 + 나루토 선인모드x1 + 금 10,000x1 + 목재x7"	"93"	"6"
"284"	"료우기 시키"	"18"	"신비함"	"243,154,164,130,184,280,16"	"True"	"False"	"False"	"False"	"False"	"False"	"False"	"False"	"False"	"False"	"False"	"False"	"False"	"True"	"False"	"False"	"False"	"True"	"False"	"False"	"False"	"False"	"False"	"False"	"목재x7 + 행운의 토큰x1 + 류마x1 + 금 10,000x1 + 나미x1 + 이사야마 요미x1 + 시류x1"	"117"	"5"
"285"	"쿠죠 죠타로"	"18"	"신비함"	"238,267,110,51,184,280,16"	"True"	"False"	"False"	"False"	"False"	"False"	"True"	"False"	"False"	"False"	"False"	"False"	"False"	"False"	"False"	"False"	"False"	"True"	"True"	"True"	"False"	"False"	"False"	"False"	"루피 기어세컨드x1 + 행운의 토큰x1 + 토키x1 + 금 10,000x1 + 센고쿠x1 + 목재x7 + 카미조 토우마x1"	"91"	"5"
"288"	"히그마"	"18"	"신비함"	"232,287,275,91,184,280,16"	"False"	"True"	"False"	"False"	"False"	"False"	"False"	"False"	"False"	"False"	"False"	"False"	"False"	"False"	"False"	"False"	"False"	"False"	"False"	"False"	"False"	"False"	"False"	"False"	"목재x7 + 랜덤전용유닛 1기x1 + 행운의 토큰x1 + 센토 이스즈x1 + 금 10,000x1 + 샹크스x1 + 네코마무시x1"	"64"	"5"
"289"	"야쿠모 유카리"	"18"	"신비함"	"240,287,141,56,184,280,16"	"False"	"False"	"True"	"False"	"False"	"False"	"False"	"False"	"False"	"True"	"False"	"False"	"False"	"False"	"False"	"False"	"False"	"False"	"False"	"False"	"True"	"False"	"False"	"True"	"목재x7 + 랜덤전용유닛 1기x1 + 행운의 토큰x1 + 금 10,000x1 + 쿠마x1 + 페로나x1 + 야가미 라이토x1"	"82"	"6"
"298"	"뱌쿠야"	"18"	"신비함"	"293,287,367,66,184,280,16"	"False"	"True"	"False"	"False"	"False"	"False"	"False"	"False"	"False"	"True"	"False"	"False"	"False"	"True"	"False"	"False"	"False"	"False"	"False"	"False"	"False"	"False"	"False"	"False"	"목재x7 + 랜덤전용유닛 1기x1 + 행운의 토큰x1 + 에이스x1 + 미호크x1 + 금 10,000x1 + 쿠로사키 이치고x1"	"90"	"6"
"300"	"타츠마키"	"18"	"신비함"	"231,290,128,184,280,16"	"True"	"True"	"True"	"False"	"False"	"False"	"False"	"False"	"True"	"False"	"False"	"False"	"False"	"False"	"False"	"False"	"False"	"True"	"False"	"True"	"False"	"False"	"False"	"False"	"목재x7 + 행운의 토큰x1 + 요츠바x1 + 쿠마 폭군x1 + 금 10,000x1 + 킹x1"	"102"	"5"
"339"	"고죠 사토루"	"18"	"신비함"	"244,287,153,161,87,168,184,280,16"	"False"	"True"	"True"	"False"	"False"	"False"	"False"	"False"	"False"	"False"	"False"	"False"	"False"	"False"	"False"	"False"	"True"	"False"	"False"	"False"	"False"	"False"	"False"	"False"	"목재x7 + 랜덤전용유닛 1기x1 + 행운의 토큰x1 + 금 10,000x1 + 아카이누x1 + 해적선x1 + k'x1 + 슈가x1 + 코알라x1"	"125"	"6"
"340"	"콘파쿠 요우무"	"18"	"신비함"	"281,287,132,173,184,280,16"	"False"	"True"	"True"	"False"	"False"	"False"	"False"	"False"	"False"	"False"	"False"	"False"	"False"	"True"	"False"	"False"	"True"	"False"	"False"	"False"	"False"	"False"	"False"	"False"	"목재x7 + 랜덤전용유닛 1기x1 + 행운의 토큰x1 + 제파x1 + 옌x1 + 금 10,000x1 + 비비x1"	"79"	"5"
"341"	"아냐 포저"	"18"	"신비함"	"242,126,329,184,280,16"	"False"	"True"	"False"	"True"	"True"	"True"	"False"	"True"	"True"	"False"	"False"	"False"	"False"	"False"	"True"	"False"	"False"	"False"	"False"	"False"	"False"	"False"	"False"	"False"	"목재x7 + 행운의 토큰x1 + 금 10,000x1 + 슈가x1 + 스튜시x1 + 엘리자베스x1"	"90"	"5"
"357"	"샌즈"	"18"	"신비함"	"235,148,165,347,184,280,16"	"True"	"True"	"False"	"False"	"False"	"False"	"False"	"False"	"True"	"False"	"False"	"False"	"False"	"False"	"False"	"False"	"False"	"False"	"False"	"False"	"False"	"False"	"False"	"False"	"목재x7 + 아오키지x1 + 행운의 토큰x1 + 베르고x1 + 금 10,000x1 + 카쿠x1 + 메구밍x1"	"112"	"5"
"309"	"항법 : 연합세력"	"19"	"기록지침"	""	"False"	"False"	"False"	"False"	"False"	"False"	"False"	"False"	"False"	"False"	"False"	"False"	"False"	"False"	"False"	"False"	"False"	"False"	"False"	"False"	"False"	"False"	"False"	"False"	""	"0"	"0"
"310"	"항법 : 패왕의 길"	"19"	"기록지침"	""	"False"	"True"	"False"	"False"	"False"	"False"	"False"	"False"	"False"	"False"	"False"	"False"	"False"	"False"	"False"	"False"	"False"	"False"	"False"	"False"	"False"	"False"	"False"	"False"	""	"0"	"0"
"311"	"항법 : 도박광"	"19"	"기록지침"	""	"False"	"False"	"False"	"False"	"False"	"False"	"False"	"False"	"False"	"False"	"False"	"False"	"False"	"False"	"False"	"False"	"False"	"False"	"False"	"False"	"False"	"False"	"False"	"False"	""	"0"	"0"
"312"	"항법 : 최고의 도움"	"19"	"기록지침"	""	"False"	"False"	"False"	"False"	"False"	"False"	"False"	"False"	"False"	"False"	"False"	"False"	"False"	"False"	"False"	"False"	"False"	"False"	"False"	"False"	"False"	"False"	"False"	"False"	""	"0"	"0"
"313"	"항법 : 도움소 잠그기"	"19"	"기록지침"	""	"False"	"False"	"False"	"False"	"False"	"False"	"False"	"False"	"False"	"False"	"False"	"False"	"False"	"False"	"False"	"False"	"False"	"False"	"False"	"False"	"False"	"False"	"False"	"False"	""	"0"	"0"
"337"	"항법 :: 특성공학"	"19"	"기록지침"	""	"False"	"False"	"False"	"False"	"False"	"False"	"False"	"False"	"False"	"False"	"False"	"False"	"False"	"False"	"False"	"False"	"False"	"False"	"False"	"False"	"False"	"False"	"False"	"False"	""	"0"	"0"
"355"	"원피스"	"19"	"기록지침"	""	"True"	"True"	"False"	"True"	"False"	"False"	"True"	"True"	"False"	"False"	"False"	"False"	"False"	"False"	"False"	"False"	"False"	"False"	"False"	"False"	"False"	"False"	"False"	"True"	""	"0"	"0"
"314"	"기후 변화"	"20"	"연구소"	""	"False"	"True"	"False"	"False"	"False"	"False"	"False"	"False"	"False"	"False"	"False"	"False"	"False"	"False"	"False"	"False"	"False"	"False"	"False"	"False"	"False"	"False"	"False"	"False"	""	"0"	"0"
"315"	"카리스마"	"20"	"연구소"	""	"False"	"False"	"False"	"False"	"False"	"False"	"True"	"False"	"False"	"False"	"False"	"False"	"False"	"False"	"False"	"False"	"False"	"False"	"False"	"False"	"False"	"False"	"False"	"False"	""	"0"	"0"
"316"	"식량 보급"	"20"	"연구소"	""	"False"	"False"	"False"	"False"	"False"	"True"	"False"	"False"	"False"	"False"	"False"	"False"	"False"	"False"	"False"	"False"	"False"	"False"	"False"	"False"	"False"	"False"	"False"	"False"	""	"0"	"0"
"317"	"해상 디너"	"20"	"연구소"	""	"False"	"False"	"False"	"False"	"False"	"False"	"False"	"False"	"False"	"False"	"False"	"False"	"False"	"False"	"True"	"False"	"False"	"False"	"False"	"False"	"False"	"False"	"False"	"False"	""	"0"	"0"
"318"	"강렬함"	"20"	"연구소"	""	"False"	"False"	"False"	"False"	"False"	"False"	"True"	"False"	"False"	"False"	"False"	"False"	"False"	"False"	"False"	"False"	"False"	"False"	"False"	"False"	"False"	"False"	"False"	"False"	""	"0"	"0"
"319"	"냉철함"	"20"	"연구소"	""	"False"	"True"	"False"	"False"	"False"	"False"	"False"	"False"	"False"	"False"	"False"	"False"	"False"	"False"	"False"	"False"	"False"	"False"	"False"	"False"	"False"	"False"	"False"	"False"	""	"0"	"0"
"320"	"신속함"	"20"	"연구소"	""	"False"	"False"	"False"	"False"	"False"	"False"	"False"	"True"	"False"	"False"	"False"	"False"	"False"	"False"	"False"	"False"	"False"	"False"	"False"	"False"	"False"	"False"	"False"	"False"	""	"0"	"0"
"342"	"표식새김"	"22"	"아이템"	""	"True"	"False"	"False"	"False"	"False"	"False"	"False"	"False"	"False"	"False"	"False"	"False"	"False"	"False"	"False"	"False"	"False"	"False"	"False"	"False"	"False"	"False"	"False"	"False"	""	"0"	"0"
"343"	"둔화의 지팡이"	"22"	"아이템"	""	"False"	"True"	"False"	"False"	"False"	"False"	"False"	"False"	"False"	"False"	"False"	"False"	"False"	"False"	"False"	"False"	"False"	"False"	"False"	"False"	"False"	"False"	"False"	"False"	""	"0"	"0"
"362"	"호크 (미호크)"	"23"	"세라핌"	"156,361"	"True"	"False"	"False"	"False"	"False"	"False"	"False"	"False"	"True"	"False"	"True"	"False"	"False"	"False"	"False"	"False"	"False"	"True"	"False"	"True"	"False"	"True"	"False"	"False"	"그린블러드x1 + 검호 미호크x1"	"36"	"5"
"363"	"베어 (쿠마)"	"23"	"세라핌"	"128,361"	"False"	"False"	"True"	"True"	"True"	"False"	"False"	"False"	"False"	"True"	"True"	"False"	"False"	"False"	"False"	"False"	"False"	"False"	"True"	"False"	"False"	"True"	"False"	"False"	"쿠마 폭군x1 + 그린블러드x1"	"47"	"5"
"364"	"샤크 (징베)"	"23"	"세라핌"	"105,361"	"True"	"False"	"False"	"False"	"False"	"False"	"True"	"False"	"False"	"False"	"False"	"False"	"False"	"False"	"True"	"False"	"False"	"False"	"False"	"True"	"False"	"False"	"False"	"False"	"그린블러드x1 + 징베x1"	"47"	"5"
"365"	"스네이크 (핸콕)"	"23"	"세라핌"	"108,361"	"False"	"False"	"False"	"False"	"False"	"False"	"False"	"False"	"False"	"False"	"False"	"False"	"False"	"True"	"False"	"False"	"False"	"False"	"False"	"False"	"False"	"False"	"False"	"True"	"그린블러드x1 + 핸콕x1"	"40"	"5"
